STATE,Y1990,Y1991,Y1992,Y1993,Y1994,Y1995,Y1996,Y1997,Y1998,Y1999,Y2000,Y2001,Y2002,Y2003,Y2004,Y2005,Y2006,Y2007,Y2008,Y2009,Y2010,Y2011,Y2012,Y2013,Y2014,Y2015,Y2016,Y2017,Y2018,Y2019
AK,4.957328257866228e-05,3.854538151556687e-05,2.3848248675441776e-05,2.6476727444055444e-05,2.5799875134147737e-05,3.2444239394784896e-05,3.7128688688083714e-05,3.0804379959711296e-05,4.26581304759449e-05,4.726427068560418e-05,4.506932341994057e-05,3.907345550345794e-05,8.542784957758386e-05,4.414578032184102e-05,0.00019005023849261377,9.59769517124336e-05,3.8619045895193676e-05,3.9042911446887206e-05,2.4046656751550648e-05,7.201618298107228e-05,3.536872016160727e-05,2.3294218851018983e-05,2.61157966271001e-05,4.9204155945152033e-05,1.94750821276143e-05,0.00015545066882083334,1.4715615387755889e-05,3.1359023479339596e-05,4.246908677483786e-05,9.65975987765845e-05
AL,1.447312445292748e-05,1.5312271358014267e-05,1.6700845947524876e-05,1.7619935235305044e-05,1.7206414806666447e-05,1.9053739067883416e-05,2.0282213672547764e-05,1.9628573757253167e-05,2.004001403563038e-05,2.052618305854732e-05,2.1588440434018558e-05,1.9988627954115565e-05,2.1207331722844853e-05,2.15746739968916e-05,2.1328720471862864e-05,2.1492634735268513e-05,2.15582269210375e-05,2.1688521547477884e-05,1.980721551948892e-05,1.5112147836137184e-05,1.7229233168256225e-05,1.6407983909406457e-05,1.4747461675492288e-05,1.419171970755593e-05,1.4516998872566216e-05,1.3541666824950901e-05,1.2146013233573861e-05,1.0950576691839965e-05,1.1975902940581562e-05,1.0882931845464857e-05
AR,-4.8597111908537625e-08,-1.4114741496900366e-07,1.0751508942972783e-06,8.736751102195857e-07,2.8171070635224054e-06,4.5876028361178685e-06,5.685625591102169e-06,5.7123321084395715e-06,6.503775936765298e-06,7.730792454003236e-06,7.964271147803275e-06,7.584526301173779e-06,6.98136983563163e-06,7.821242655160636e-06,7.982673293604117e-06,7.68363588060779e-06,9.41149671926014e-06,1.0135731553173476e-05,1.052851006596687e-05,9.548722520015137e-06,1.0948101571535368e-05,1.1575366696579882e-05,1.1516079704968648e-05,1.2217003282883724e-05,1.219222328903362e-05,8.4370530289128e-06,9.267524343966324e-06,9.710992569423888e-06,1.17736121163311e-05,1.0048920876711709e-05
AZ,1.8754528897517962e-05,1.8059319382077766e-05,1.837239664053308e-05,1.8439786933628972e-05,1.833879318647623e-05,1.6350451899207468e-05,1.6597773526411212e-05,1.7083134149201495e-05,1.7509797141471532e-05,1.771871889433328e-05,1.7422016392401166e-05,1.7442776363570393e-05,1.69777744405426e-05,1.6980349558410805e-05,1.778457205389725e-05,1.7367442696739925e-05,1.7319290086758147e-05,1.732096102491782e-05,1.7019950229671533e-05,1.5250418620215369e-05,1.5987978513577797e-05,1.5505576424364232e-05,1.5173044307537313e-05,1.535651005041253e-05,1.504708645208889e-05,1.4562460077592084e-05,1.3623800028155478e-05,1.338042243355953e-05,1.373193754033639e-05,1.3328588898687893e-05
CA,1.0435673720529785e-05,9.874367434473053e-06,1.0177852436948703e-05,9.712586577049263e-06,1.0116553953553517e-05,9.711358280024003e-06,9.654381014818674e-06,9.624994544463204e-06,9.85617061553319e-06,9.777855809756637e-06,9.976034409133336e-06,9.943455803182088e-06,9.731193118577477e-06,9.488742242143107e-06,9.85106361634304e-06,9.63738777524963e-06,9.71272962790004e-06,9.748348340085337e-06,9.11999316841897e-06,8.533219362497759e-06,8.242847075610097e-06,7.902186779372259e-06,8.019437527862377e-06,8.052836206160178e-06,7.843327988041709e-06,7.93539056995657e-06,7.929452562486363e-06,7.939256129870444e-06,7.9542417143428e-06,8.021708334819835e-06
CO,2.3247728433501387e-05,2.32185443780241e-05,2.309298285621051e-05,2.3384160451704994e-05,2.2728173874064347e-05,2.2466247270234217e-05,2.2783462304135348e-05,2.2446009405305373e-05,2.266015337318399e-05,2.2747174978679916e-05,2.2174673947383775e-05,2.3468529196221792e-05,2.2643170274828457e-05,2.234635056378655e-05,2.2785094763196137e-05,2.3126008678166775e-05,2.2858377584944905e-05,2.2897525281914795e-05,2.214981759765966e-05,2.087290766130297e-05,2.1055640344060665e-05,2.0113432883773215e-05,1.9620991182060895e-05,1.9709736101178042e-05,1.971523766822492e-05,1.9193647931703283e-05,1.848024105809584e-05,1.8294350254902584e-05,1.823098477350542e-05,1.8381308017039845e-05
CT,1.1218383529829106e-05,1.097729310928475e-05,1.1025415368189588e-05,1.0294938662221418e-05,1.0168567670482532e-05,9.943770804018935e-06,1.0738714352471112e-05,1.181811582250053e-05,1.0943643581380497e-05,1.1127399884264499e-05,1.137933175679193e-05,1.0827033462492691e-05,1.0210235304274176e-05,1.1137757810998307e-05,1.1684202159233478e-05,1.1108967270875739e-05,1.050279207391072e-05,1.0191059889218177e-05,9.164589487402507e-06,8.756722291179169e-06,8.785216473435297e-06,8.406231218193298e-06,8.047744131183734e-06,8.172941520395282e-06,8.288987984105212e-06,8.640856535499434e-06,8.004364339393248e-06,7.812823138611008e-06,8.83545878705302e-06,8.656846190784053e-06
DE,2.5421841099494743e-05,2.408397812086281e-05,2.39776996124435e-05,2.547131021159164e-05,2.459406346634219e-05,2.334220597910173e-05,2.3318650065572413e-05,2.1305665592600058e-05,2.0354120600994976e-05,2.0233430896695343e-05,1.941337051199017e-05,1.882764536592461e-05,1.8486018950378463e-05,1.9203173779922343e-05,1.881083963387098e-05,1.9479686394965582e-05,1.7952429488590146e-05,1.871585316486274e-05,1.7109324347275117e-05,1.2344614445582043e-05,1.3205033510824229e-05,1.4342156047562168e-05,1.48766888759614e-05,1.4417913229328878e-05,1.3841635929310794e-05,1.3931712166184609e-05,1.479693032916851e-05,1.3438448423507285e-05,1.3592244175881774e-05,1.3173437932287184e-05
FL,1.3169281384070257e-05,1.2972739508296634e-05,1.2913510986143738e-05,1.3293508232940494e-05,1.3389017085417235e-05,1.3538805445801782e-05,1.3752679334425996e-05,1.3698396751817652e-05,1.4371146593883554e-05,1.3828442634153337e-05,1.3572380180340053e-05,1.3643438505570484e-05,1.3688682200159209e-05,1.3822881096605862e-05,1.3909776121164036e-05,1.3762985180136489e-05,1.3374055721541785e-05,1.3105061574614982e-05,1.2158974530154963e-05,1.1370428672509784e-05,1.202976794233829e-05,1.1177395122115746e-05,1.0841291289303108e-05,1.065916886319861e-05,1.0799416883242219e-05,1.0797154640751056e-05,1.065185069893672e-05,1.0480425736977835e-05,1.0422059324127126e-05,1.001245566098815e-05
GA,1.5854941840321165e-05,1.4370818871766178e-05,1.3940607366601737e-05,1.5076263483620572e-05,1.5345212436043626e-05,1.61727879908809e-05,1.6140410442723643e-05,1.606826663156752e-05,1.5954814630273933e-05,1.5934836092737504e-05,1.613112225251564e-05,1.480882119689939e-05,1.530887150059922e-05,1.5536937872487343e-05,1.566989215763634e-05,1.67132079800643e-05,1.5865503573155785e-05,1.5824356012635353e-05,1.4271763915609939e-05,1.2807913940800081e-05,1.3641191302856535e-05,1.1788180753852566e-05,1.0071354051768832e-05,1.0044283305506295e-05,1.0437673924664762e-05,1.0189923217452289e-05,9.814264930631215e-06,9.418029637869021e-06,9.315091035358573e-06,8.7424329162757e-06
HI,1.6275435877595355e-05,1.40160941918398e-05,1.5118180923275197e-05,1.4111286525866492e-05,1.4761166757551127e-05,1.476558629650542e-05,1.4740051219734128e-05,1.4417082092175764e-05,1.4552377048109742e-05,1.385211140082805e-05,1.3992539325651371e-05,1.3654609425424704e-05,1.4309909018962557e-05,1.4037736570501662e-05,1.437883711540788e-05,1.5013384984049971e-05,1.5172593706984445e-05,1.4444026850720833e-05,1.3106170508125915e-05,1.2331299601469855e-05,1.2624596352452813e-05,1.2708955112919297e-05,1.218730922614653e-05,1.2145693224018246e-05,1.2075419175343848e-05,1.202813812868788e-05,1.1968905118989574e-05,1.2233823445342147e-05,1.201072416709014e-05,1.2369362365904401e-05
IA,1.942793833635169e-05,1.9810753445005477e-05,1.9024010262532922e-05,2.192714214030835e-05,2.163082035371111e-05,2.2496956754406518e-05,2.2590096069728906e-05,2.3001470957511324e-05,2.565021538003373e-05,2.5891089195292977e-05,2.5128752735002202e-05,2.4170065609927943e-05,2.452335371874203e-05,2.3435815231515305e-05,2.4298001865674397e-05,2.3939738242814325e-05,2.3560353019482212e-05,2.6502318029518056e-05,2.7685807702945837e-05,2.6051092384247067e-05,2.736264314899829e-05,2.5329680007855368e-05,2.2699705612261858e-05,2.413437295098023e-05,2.4496431085529128e-05,2.2509414232491316e-05,2.0718090669698224e-05,2.104013222019799e-05,2.3131154255131617e-05,2.14820133081034e-05
ID,1.241647137120435e-05,1.3027565919893063e-05,1.1996458697173999e-05,1.2072914073067025e-05,1.149940911111753e-05,1.142378004216927e-05,1.197176348052683e-05,1.1574666088314094e-05,1.0476252976143918e-05,1.1066498565080051e-05,1.0187954038103783e-05,9.604560684704407e-06,9.380500210703148e-06,9.297674473738576e-06,1.0629052806563219e-05,1.0320855996177396e-05,9.851488249776158e-06,9.139206929964886e-06,9.2919741814263e-06,8.652266836720901e-06,8.879132345745715e-06,8.74600511541868e-06,8.117903041678931e-06,9.140795633163171e-06,9.670394286440171e-06,9.647244886684303e-06,1.0516640349501421e-05,1.071761943717095e-05,1.066333658135474e-05,1.1546167605417319e-05
IL,1.6173539507269692e-05,1.5982700492167503e-05,1.575511553245307e-05,1.7119385467278993e-05,1.6852409808581778e-05,1.7391967104332726e-05,1.812699718001367e-05,1.8700932708115265e-05,1.7604874804891368e-05,1.8012096184591304e-05,1.8109193763078305e-05,1.719770216798905e-05,1.764230354939342e-05,1.7846884696212507e-05,1.8091403414436534e-05,1.835199512255712e-05,1.8101793745753564e-05,1.829483651325586e-05,1.813851940444422e-05,1.6783302536059923e-05,1.7126267747689774e-05,1.650459500702323e-05,1.5644301566926942e-05,1.708436783664319e-05,1.6966145288158098e-05,1.5916098403230827e-05,1.4728570193112007e-05,1.4616885266819683e-05,1.5287480099345232e-05,1.4636222788261882e-05
IN,3.620498417114272e-05,3.495830963515618e-05,3.519149591639004e-05,3.591649180773425e-05,3.6237934933961066e-05,3.68481823134317e-05,3.685483577859915e-05,3.751459114901683e-05,3.723262903529963e-05,3.758134910434728e-05,3.889361572776379e-05,3.663438910183134e-05,3.650939993672673e-05,3.731473706972168e-05,3.8124569925271815e-05,3.73303088200225e-05,3.699125554928152e-05,3.6609794521027686e-05,3.642599991281917e-05,3.226762232596482e-05,3.43169167780707e-05,3.2271137660426965e-05,3.0242679106570138e-05,3.0876639698635894e-05,3.1445164540028685e-05,2.8702950432599807e-05,2.7479251736829074e-05,2.6309522469471873e-05,2.814113072949463e-05,2.595627427448669e-05
KS,2.5519683048434295e-05,2.5151568790296702e-05,2.4333183446823798e-05,2.6326620520772062e-05,2.60344591172964e-05,2.5389629351355634e-05,2.6844674640862197e-05,2.5764064901324006e-05,2.5199626408324548e-05,2.6204731583952986e-05,2.597878034469445e-05,2.5021305118306505e-05,2.628985755513782e-05,2.7493809323800305e-05,2.660176697374838e-05,2.5190894317308954e-05,2.4898421567602263e-05,2.7111136645665498e-05,2.5277985478818303e-05,2.4276241460182194e-05,2.394710205484205e-05,2.2791350961823608e-05,2.1222117729362952e-05,2.27365809477655e-05,2.2701221052957407e-05,2.0928301199284705e-05,2.0127208279742946e-05,1.8713869529101386e-05,2.0158998376309934e-05,1.935856026755529e-05
KY,2.5558948654997356e-05,2.5211220645215084e-05,2.6153325174414154e-05,2.8374802365586183e-05,2.7634808418001385e-05,2.8762568754524817e-05,2.8818931558952703e-05,2.990249174819013e-05,2.9390129327799305e-05,3.0194503145062902e-05,3.0188032071678768e-05,3.0865687130379204e-05,3.0770915210991396e-05,3.0322289507998116e-05,3.1410659492378885e-05,3.1547689361553485e-05,3.20846849480357e-05,3.1232330641926546e-05,3.073860905696316e-05,2.841809195414183e-05,2.9902455122904515e-05,2.9527303482382613e-05,2.7407069092855935e-05,2.7292285048938354e-05,2.730250893796782e-05,2.5189155076529508e-05,2.3920307079804132e-05,2.1674391484301034e-05,2.2914772855920393e-05,2.11466157478316e-05
LA,3.7882492570421504e-05,3.740900392928292e-05,3.9011696486435735e-05,3.950791017505699e-05,4.076238281265094e-05,4.0621819745340824e-05,4.078835581403008e-05,4.255266314946334e-05,3.958089284515905e-05,4.0170205544584144e-05,4.1986957896147237e-05,3.6504657578345604e-05,3.714864404725531e-05,3.5740821158419657e-05,3.6494801525994813e-05,3.544354727319646e-05,4.140604151383167e-05,4.160183003235781e-05,3.875774664921744e-05,3.5998757416994964e-05,3.784078938890435e-05,3.6303259283627684e-05,3.492392768345951e-05,3.351630602348677e-05,3.247274952048277e-05,3.1750816427155115e-05,3.1911236253854126e-05,3.253899946794964e-05,3.386358957052566e-05,3.4142616805425447e-05
MA,1.289878147932955e-05,1.2604763558104304e-05,1.290259119919132e-05,1.2284873494889555e-05,1.2350320254663682e-05,1.1849438092019809e-05,1.1926161762018542e-05,1.2857686912551336e-05,1.2537425656704642e-05,1.2096282540344401e-05,1.1895739701043231e-05,1.18499509804184e-05,1.1879244597226006e-05,1.2220243869177907e-05,1.1871423768966378e-05,1.1972442086815043e-05,1.0946221693907022e-05,1.1411537074181362e-05,1.0588248679948096e-05,9.803903862721045e-06,1.0069086372150327e-05,9.37124465015304e-06,8.319702692464105e-06,8.793907567332725e-06,8.544333141634145e-06,8.715430497879287e-06,8.243697098984452e-06,8.202316127335288e-06,8.138906830507996e-06,8.024398591705089e-06
MD,1.3372511957280217e-05,1.2844123056335642e-05,1.2808702222754692e-05,1.3140847906272993e-05,1.3286461525330168e-05,1.3104082076102515e-05,1.3536973986440344e-05,1.3649276210629536e-05,1.406836619141977e-05,1.4407803656873921e-05,1.4103721695338724e-05,1.4040222638261789e-05,1.3958981519604627e-05,1.4323311279379304e-05,1.4413122375448893e-05,1.4495279860908352e-05,1.3196297282528686e-05,1.324349175962009e-05,1.2292710152291634e-05,1.1560818530174676e-05,1.137748277872243e-05,1.1213198197921592e-05,9.77464312450834e-06,9.592799514992044e-06,9.98047572360754e-06,9.671815831938121e-06,9.314992890832694e-06,8.36781803671835e-06,9.423674668162857e-06,8.667534578395863e-06
ME,6.934890637084097e-06,6.896965351357938e-06,7.66171535540361e-06,7.1655600153855905e-06,8.006337377184377e-06,6.962912151521692e-06,7.452492778713361e-06,7.688808855150957e-06,7.044183275158911e-06,7.695910127327937e-06,9.049645022434208e-06,9.08589693040666e-06,9.895166007138338e-06,9.706819430442176e-06,9.72885194992799e-06,8.508084703162982e-06,7.229712916650561e-06,6.854361313772757e-06,5.191986541896072e-06,4.179565684687761e-06,3.609846817936788e-06,3.4117677071449332e-06,1.6462192115484415e-06,1.9175795136408712e-06,2.0621626946226763e-06,2.037401887819796e-06,1.4429381200428596e-06,4.114570088466906e-07,2.6764675397402745e-07,1.6368053739439954e-07
MI,1.85981220508722e-05,1.8388083214206177e-05,1.8292857708134172e-05,1.8302393151670912e-05,1.8595650007765217e-05,1.8807766508676163e-05,1.9157168337579143e-05,1.880196406081142e-05,1.8592539953839772e-05,1.905576433083573e-05,1.8709793430371145e-05,1.80775520304442e-05,1.810219883438916e-05,1.782203382375401e-05,1.7979027299109423e-05,1.7962755286166992e-05,1.6864991226816962e-05,1.704681773023652e-05,1.6474498841807625e-05,1.5246654127254174e-05,1.626421855396627e-05,1.5671168648887146e-05,1.4900221400635943e-05,1.569269527896349e-05,1.567124028507027e-05,1.5614717981868796e-05,1.4669623967835921e-05,1.4408570736324388e-05,1.5145414331385004e-05,1.4659271181849955e-05
MN,1.6890615557951195e-05,1.6599897509006156e-05,1.6636031266268306e-05,1.8013331258736606e-05,1.810646501653613e-05,1.8726984959259343e-05,1.936069417773273e-05,1.9187460899161868e-05,1.9171042432478622e-05,1.900179251115547e-05,1.9196901433865653e-05,1.8199158648691457e-05,1.866620255728792e-05,1.9176796915518703e-05,1.8899504239946506e-05,1.9028293158727882e-05,1.8103941476993015e-05,1.800296301647445e-05,1.778116511118801e-05,1.630635021910047e-05,1.9081765295408502e-05,1.8418847774683488e-05,1.71537668754919e-05,1.7602062456169897e-05,1.9313350144441158e-05,1.67589716990927e-05,1.659322617682193e-05,1.6585013672513684e-05,1.7492942460623044e-05,1.6778874419016233e-05
MO,1.6117950200038493e-05,1.604541408969238e-05,1.6016828050611644e-05,1.5809790095596086e-05,1.6854727008276237e-05,1.8263169171926604e-05,1.8840380684869132e-05,1.9472825086325366e-05,2.0064375776916802e-05,1.974974454160702e-05,1.948611785432535e-05,2.0325169020557745e-05,2.0164595343090285e-05,2.1334071859418402e-05,2.16599180805707e-05,2.2032262814318948e-05,2.1739660851455115e-05,2.1111737137048827e-05,2.061236019355065e-05,1.9501438922088892e-05,2.0385829011857922e-05,2.03271542987722e-05,1.9100637014198806e-05,2.0206010672496404e-05,2.0172142229164907e-05,1.8458158126648963e-05,1.7451783220497084e-05,1.8385005430574055e-05,1.8545382279232503e-05,1.7176799625701587e-05
MS,-8.170192677854586e-06,-8.41580993939425e-06,-8.3736459398428e-06,-7.526350734557001e-06,-7.529655957668165e-06,-6.735735134719477e-06,-5.707951217541701e-06,-5.0804312098386335e-06,-4.8280980177051375e-06,-2.7440463987829984e-06,-2.8648686640389725e-06,1.1150932028548234e-07,-2.6850161577746546e-06,-1.9949165104067276e-06,-1.6040101991898813e-06,-1.8827116752883964e-06,-1.1398308588839716e-06,-3.990537496813485e-07,-1.604724454577022e-06,-3.533262816458498e-06,-2.179998364286353e-06,-3.693966535418732e-06,-3.0152279207913774e-06,-3.978807601385003e-06,-2.8687378163681626e-06,-2.751606209866374e-06,-2.3122262251702615e-06,-2.9325778678373572e-06,-1.4189279552098187e-06,-1.2489093099981362e-06
MT,5.119018637324663e-05,4.935830444638947e-05,4.935316600703585e-05,5.085372293116414e-05,4.5020942798046975e-05,4.6329018998377934e-05,4.1275270951183826e-05,4.762818815541205e-05,4.866243160776832e-05,4.890594432551754e-05,4.2056979461649616e-05,4.733387456885191e-05,4.6460959073782745e-05,4.664718892670439e-05,4.8499411108555894e-05,4.768140718684943e-05,4.6358398812275365e-05,5.13516260802343e-05,4.8825152172891754e-05,4.7036543652520735e-05,5.315549691972949e-05,5.494422396233512e-05,3.531197285544409e-05,4.5999162645217936e-05,4.3680804547477585e-05,4.18453734353308e-05,3.8524592886735426e-05,3.803547324004254e-05,3.830648830715947e-05,4.0533379033494525e-05
NC,1.07185610408705e-05,1.045604162573119e-05,1.1854086774363825e-05,1.242777981193076e-05,1.167796537712985e-05,1.2331975179420946e-05,1.3751787930199034e-05,1.3754581605790295e-05,1.3685594509506764e-05,1.3432692716410034e-05,1.390018057758668e-05,1.314051702515104e-05,1.3299812951822206e-05,1.3551168773454179e-05,1.3652632013311492e-05,1.381951461507461e-05,1.2910383817113913e-05,1.3044694344718987e-05,1.2105205152285403e-05,1.0362949967466707e-05,1.1521997074542953e-05,9.966844374676885e-06,8.993021007271016e-06,8.968484687862112e-06,9.16019570200843e-06,8.618869436467157e-06,8.499922282571028e-06,7.982894257138799e-06,8.249663129343402e-06,8.057087787114005e-06
ND,6.904089255242264e-05,6.960747319857146e-05,7.230119560889244e-05,7.291618394333179e-05,7.032981373663676e-05,7.427070421934484e-05,7.31077083700532e-05,7.281972061720822e-05,7.570350643933897e-05,7.646090909070645e-05,7.311944083195033e-05,7.462207553185078e-05,7.309149352698787e-05,7.373800029222691e-05,6.874390905558741e-05,7.501776682398844e-05,7.138143260137643e-05,7.543230026435343e-05,7.374739951513495e-05,7.431527710518588e-05,7.588554305918963e-05,7.649042084351286e-05,7.796016565367085e-05,8.213504880470831e-05,8.768722942993843e-05,8.460056168652921e-05,7.334427878942543e-05,7.626481731534488e-05,8.7341663610309e-05,9.17555969693273e-05
NE,1.796993842570903e-05,1.8244273675179175e-05,1.779507759326233e-05,2.0645710589438995e-05,1.951017146612368e-05,2.129493740778469e-05,2.1580006283221234e-05,2.21586964139641e-05,2.3596428132734132e-05,2.2964366017035876e-05,2.1071179846847842e-05,2.4049190662576137e-05,2.2816638241327474e-05,2.386322885297667e-05,2.36938784825954e-05,2.3543631961156296e-05,2.2171195681695804e-05,2.3570726681956664e-05,2.3547893721449135e-05,2.435570181613139e-05,2.4219468863757318e-05,2.5336950736292603e-05,2.347512578609138e-05,2.476455558048108e-05,2.531951893652151e-05,2.4152876339100836e-05,2.2269774406891724e-05,2.1566813160545453e-05,2.4002846087524063e-05,2.291530451051233e-05
NH,7.112971302553715e-06,6.896264389408386e-06,6.9462750497098216e-06,7.202013058026752e-06,7.2459268641908505e-06,7.320602531067802e-06,7.574890924579245e-06,9.042867535885187e-06,8.479455136912508e-06,8.540620724345326e-06,8.742534690558536e-06,8.39082924809915e-06,8.385854313333423e-06,1.1391598914145362e-05,1.2150174643047357e-05,1.1582316030392255e-05,1.0251641102469373e-05,9.923224047539884e-06,9.267872990405166e-06,8.174253485074638e-06,8.09314066880112e-06,7.844368555198826e-06,6.486790636764554e-06,6.271492606256568e-06,6.81311385294122e-06,6.761389776021327e-06,5.524753580373342e-06,5.180096153635155e-06,5.86228453384912e-06,5.644366786342319e-06
NJ,1.2804320112586276e-05,1.2532332245629888e-05,1.3326386294900846e-05,1.3013575314225083e-05,1.4249007957663034e-05,1.400792290921479e-05,1.4313688048272239e-05,1.4289057592184487e-05,1.3598541957860457e-05,1.4070788077454109e-05,1.3462517700702229e-05,1.2968688228741485e-05,1.2753746318834254e-05,1.2970825178123764e-05,1.3259528026036926e-05,1.351227949210459e-05,1.2889741700001031e-05,1.3587738891593295e-05,1.2773495375659571e-05,1.1603533760424286e-05,1.1055394758377722e-05,1.0852328244264117e-05,1.024004061327669e-05,1.033527932456944e-05,1.0990736077675884e-05,1.0765799196419385e-05,1.1008395910581622e-05,1.0271452596315622e-05,1.0722895846727363e-05,1.0507981602559374e-05
NM,4.2499944858903114e-05,3.995801511027759e-05,3.9767166313891946e-05,3.981377048974217e-05,4.004424894803613e-05,3.887453645770856e-05,3.9278421133428164e-05,3.990424785397768e-05,3.861663138592922e-05,3.954167986731955e-05,3.893531124518117e-05,3.8646881050917114e-05,3.774478232728721e-05,3.72526603768875e-05,3.844164477366855e-05,3.805629215263653e-05,3.784309217082506e-05,3.6043193293149966e-05,3.4508176910845594e-05,3.420172763594306e-05,3.3040746963572134e-05,3.302997080651453e-05,3.163919511896927e-05,3.220522442833324e-05,3.167385895763235e-05,3.1339021650076527e-05,2.699411897237261e-05,2.7019599296757114e-05,2.543358201281483e-05,2.789917713178273e-05
NV,2.5301324903441567e-05,2.5521334355250997e-05,2.5360139532817888e-05,2.465211948022717e-05,2.3928513665611143e-05,2.2623960187947036e-05,2.3924021493759514e-05,2.287059349803685e-05,2.3291688249136516e-05,2.265639068503477e-05,2.215302597480957e-05,2.0638682533020355e-05,1.7995379900956582e-05,1.844739897550017e-05,1.9660293739088776e-05,1.989938740528292e-05,1.568681276233153e-05,1.5156529012286044e-05,1.4575038832564816e-05,1.3920222484633241e-05,1.4482884993825212e-05,1.3094566983032888e-05,1.2963518860638426e-05,1.3658339923205654e-05,1.3970316122189434e-05,1.3068318398344439e-05,1.2929793483908661e-05,1.266270720410391e-05,1.2788333999939809e-05,1.2765898723808722e-05
NY,9.812821692984427e-06,9.325185357898502e-06,9.321497640579643e-06,8.886552461349645e-06,8.825381337625432e-06,9.123080904285792e-06,9.237011740596346e-06,9.36295407808866e-06,9.334854819315316e-06,9.402482909915388e-06,9.390644603681196e-06,9.179793976147937e-06,8.973820492435414e-06,9.419658338440873e-06,9.664716198764893e-06,9.502930802111108e-06,8.665761919007364e-06,8.959821058914585e-06,8.273558391102401e-06,7.450348860798332e-06,7.878937309284309e-06,7.444887196142085e-06,7.043476355026601e-06,7.045579460894534e-06,7.29935153736396e-06,7.2128307821068675e-06,6.974334523948432e-06,6.79280142815633e-06,7.196231043600178e-06,7.11709798882896e-06
OH,2.2229554843689443e-05,2.1987195587693686e-05,2.2377331704142363e-05,2.273226823091018e-05,2.2376186221520572e-05,2.2780737432341972e-05,2.364186104865677e-05,2.332056463559924e-05,2.332847462990854e-05,2.3187890643046842e-05,2.3670297566448324e-05,2.2371766821208182e-05,2.2858981503819487e-05,2.3375677109730446e-05,2.291196749001196e-05,2.3427057846055096e-05,2.2673480362508246e-05,2.2833690064847467e-05,2.2428399787849682e-05,1.974532965529577e-05,2.0280071661136456e-05,1.9118715917017386e-05,1.7425540523663463e-05,1.848705789719353e-05,1.848237633159267e-05,1.7052978282181458e-05,1.6535848623651328e-05,1.6523811730820633e-05,1.687644516812839e-05,1.5777090864012134e-05
OK,2.2535094459614803e-05,2.2966522352441984e-05,2.3622126937158005e-05,2.4202090283883047e-05,2.3648869303678132e-05,2.429804421889129e-05,2.4705256179741847e-05,2.4697473317442705e-05,2.3820611939155587e-05,2.3796111882564567e-05,2.3793412988008494e-05,2.4349231097338362e-05,2.442008673892584e-05,2.4391352086991988e-05,2.4266343655442534e-05,2.6077392859970224e-05,2.5922736577316396e-05,2.673787834402236e-05,2.699229856100599e-05,2.500066689795064e-05,2.469378128702694e-05,2.466853843172273e-05,2.486050674263447e-05,2.46566309106253e-05,2.5137010788219093e-05,2.4047231743380483e-05,2.2954326402750755e-05,2.2385037538471104e-05,2.38021677208913e-05,2.193787808649555e-05
OR,-1.7178578989386572e-06,-1.2432340723740855e-06,-3.519751324953407e-07,-2.5569079146558436e-07,-8.286546656920914e-08,-7.625725475730887e-07,-1.7135048093347735e-07,-4.849516447586898e-07,1.2602919679355464e-06,1.4789886287473676e-06,8.832954024958696e-07,4.6038012855063345e-07,-1.0657010741232086e-08,1.1430929928242669e-07,2.6953153090924386e-07,2.1716934252845658e-07,-1.6955278638136854e-07,7.46673652421128e-07,3.458818334764492e-07,-3.6053766916444323e-07,-6.509342691722799e-07,-1.3434197161041635e-06,-1.660396953362797e-06,-1.0840416013782895e-06,-1.2937515687703564e-06,-1.0087302874553025e-06,-6.252418454137621e-07,-2.3666690167712994e-07,4.215492650012523e-08,6.863262063110147e-07
PA,1.8615823711026956e-05,1.8170516846908564e-05,1.8664554180122696e-05,1.876070782556772e-05,1.8587418938728255e-05,1.8897457216180557e-05,1.940856661917081e-05,1.9485303014846742e-05,1.9271548347247026e-05,1.9300667098250224e-05,1.9883103739723218e-05,1.8607589777666727e-05,1.9036426309201203e-05,1.9428382611411515e-05,1.9906423298288323e-05,1.9882901613118827e-05,1.9484045234201047e-05,1.939964419639562e-05,1.8721536846697934e-05,1.7150463933101527e-05,1.786475808205632e-05,1.7375148781876083e-05,1.652648169830963e-05,1.7248679838269394e-05,1.7099449005531947e-05,1.604602361376091e-05,1.512307503004488e-05,1.4826164778776229e-05,1.5122151551150912e-05,1.5142252613446395e-05
RI,8.057208117836976e-06,9.824448986203449e-06,1.2206329768876471e-05,9.89788893351038e-06,1.1951536645462608e-05,1.1230756227818456e-05,1.2783629592111013e-05,1.2496411043620346e-05,1.3027211678061343e-05,1.2344127918096948e-05,1.029736540613034e-05,1.0827529482942877e-05,1.0071222017321002e-05,9.913180195005142e-06,9.45169164861206e-06,9.653319669485802e-06,9.211904357531023e-06,9.735184511837911e-06,9.330317235195445e-06,9.879449297417159e-06,9.699003044208645e-06,9.752420837194834e-06,9.131626700595284e-06,8.797301405955372e-06,9.290945234948047e-06,9.514970714334251e-06,8.35682665312452e-06,8.684600437936749e-06,9.722311315947376e-06,9.114555723973791e-06
SC,1.2422848615699571e-05,1.2089128571369447e-05,1.199366618133979e-05,1.3087331494719641e-05,1.3332451820260302e-05,1.2786407590409853e-05,1.3778101520122552e-05,1.4022203159456377e-05,1.4793714419597547e-05,1.551115195654324e-05,1.5710815432077324e-05,1.491688464598168e-05,1.4909304437241562e-05,1.5253752266171769e-05,1.6744845670308965e-05,1.641755170638432e-05,1.6345368583778136e-05,1.6210042526790384e-05,1.5395716458803052e-05,1.3854355349046857e-05,1.4073159775705476e-05,1.3166022287280978e-05,1.1771515397806545e-05,1.0714828925475308e-05,1.1349713934808154e-05,1.0973614390203494e-05,1.0496920748798781e-05,9.827147324713976e-06,1.057794447820409e-05,9.748650537638953e-06
SD,1.5366996994332034e-05,1.3919730052771174e-05,1.4529991358386682e-05,1.6532186828100154e-05,1.4652716355447778e-05,1.708976460593194e-05,1.4875239185701812e-05,1.834177862039188e-05,1.624556288426994e-05,1.8087154233809177e-05,1.4585046488138219e-05,1.635859012526196e-05,1.54222726073208e-05,1.8062823481794464e-05,1.7426570007682055e-05,1.7689983956066777e-05,1.6074482775677327e-05,1.9811430814783357e-05,1.8293336052049438e-05,1.915749360847027e-05,1.9254387899696466e-05,1.7379242382463842e-05,1.3829557885822902e-05,1.636403289747401e-05,1.754395085601709e-05,1.5018609475427001e-05,1.4659607411752355e-05,1.4396649577741286e-05,1.5597314511861172e-05,1.63761859622015e-05
TN,1.367203265876218e-05,1.2660961088070218e-05,1.3797333592386662e-05,1.561891137588911e-05,1.4576468340850435e-05,1.558967383994508e-05,1.554358540646765e-05,1.6136747814916642e-05,1.6009152191189774e-05,1.6171287097650105e-05,1.6615108998994413e-05,1.6088534285493817e-05,1.5666543313902147e-05,1.5351728388974918e-05,1.5476263216875354e-05,1.568391360068e-05,1.5778652611723858e-05,1.547670116268705e-05,1.4590921797317186e-05,1.0959736434714818e-05,1.1491095934965025e-05,1.0807929755153196e-05,9.851544331998595e-06,9.603530673564072e-06,1.0261584238786782e-05,9.62840786540792e-06,1.0042366404463361e-05,9.35365053436681e-06,8.738351763823785e-06,8.653466087028835e-06
TX,3.1401875726336776e-05,3.074631600057781e-05,3.052749101476843e-05,3.0387274005088908e-05,3.032955869278884e-05,3.007514117484199e-05,3.1718175682223594e-05,3.210467324467912e-05,3.162334240899693e-05,3.114287483468137e-05,3.081173016705078e-05,3.003007784066613e-05,3.0185374423428893e-05,2.9395362366213034e-05,2.8937874992169714e-05,2.731480995478256e-05,2.6760559616409427e-05,2.654226992611352e-05,2.46801675294654e-05,2.250586811594237e-05,2.3467411925948444e-05,2.3665310124082655e-05,2.3707445358371406e-05,2.4644717391176242e-05,2.422085871110873e-05,2.359909140540425e-05,2.286441489020311e-05,2.3083972993563933e-05,2.388151118039949e-05,2.368357584558577e-05
UT,3.262756918078905e-05,3.1188260224876756e-05,3.1281691841236434e-05,3.11610493229865e-05,3.0771668073127934e-05,3.0423053733436805e-05,2.9966533441555354e-05,3.015976141289144e-05,3.0354059733990104e-05,2.915247495792918e-05,2.834877406380415e-05,2.7001838128629644e-05,2.6606730772338044e-05,2.668745341784978e-05,2.767105860043218e-05,2.8211394257611236e-05,2.7287924887156856e-05,2.6956586461689152e-05,2.6396637860986075e-05,2.3693894074150037e-05,2.3123876693224556e-05,2.3025766940999302e-05,2.1963800176974495e-05,2.322767138283555e-05,2.3100779243523185e-05,2.1958652325451006e-05,2.0110961748652758e-05,1.9824448516728588e-05,2.0116822091648952e-05,2.001911449539971e-05
VA,7.654811294582164e-06,7.591028005467463e-06,7.928653222784709e-06,8.434848501958295e-06,8.296842080529706e-06,8.621209286201887e-06,9.241820511531759e-06,9.424153227008404e-06,9.707848453197747e-06,9.873111809712051e-06,1.075399836583611e-05,1.0297606114128097e-05,9.856769939128941e-06,1.0515525371840867e-05,1.0901116653621332e-05,1.0835190982171484e-05,9.86197485837937e-06,1.0511653063840292e-05,9.102689847422176e-06,7.615836129242225e-06,8.14058948875913e-06,6.843694623239773e-06,6.427417855463346e-06,7.189758876050037e-06,7.2477385050369335e-06,7.289767890087493e-06,7.462301607650237e-06,6.788950890109086e-06,7.237391691927001e-06,6.766813924538514e-06
VT,-4.4706639379787645e-06,-3.885444212382635e-06,-2.9865717443428094e-06,-3.0541640585649225e-06,-3.0267506713378826e-06,-2.9057330337664524e-06,-1.8732764268236489e-06,-1.7977358074774273e-06,-2.1328166205366266e-06,-2.2494844055637143e-06,-1.1852275242348488e-06,-1.359290628680563e-06,-1.445890343931841e-06,-9.87829772374397e-07,-7.075874676684056e-08,-5.173209928644676e-07,-4.5188100326445097e-07,-9.645020701476062e-07,-1.7290095986634646e-06,-1.2278571296056277e-06,-1.5293409403752163e-06,-1.2397172754567835e-06,-1.986889961887588e-06,-1.3136271578032925e-06,-8.056941878929452e-07,-4.7241424517910636e-07,-8.086659149364155e-07,-9.494923533069903e-07,-6.359346443324184e-07,7.398298830732464e-08
WA,1.1032609736337406e-05,1.0654651670308809e-05,1.1836017365151428e-05,1.1182040591034203e-05,1.1948287692024247e-05,1.1249255050036628e-05,1.173310205289489e-05,1.0591364980916025e-05,1.1468502185584718e-05,1.1692501525646388e-05,1.1132853656849647e-05,1.0119191144698998e-05,8.990804955638354e-06,9.038236066140867e-06,9.064700752106708e-06,9.177132336187222e-06,8.545186602342602e-06,8.872144573977418e-06,8.470937861728285e-06,7.897380916363944e-06,7.5369648840608535e-06,6.369051306390811e-06,6.043732798261209e-06,6.904995775049537e-06,6.58490714156935e-06,6.636962697334682e-06,6.589373969686668e-06,6.794401824081687e-06,6.803209641123276e-06,7.486387692692062e-06
WI,1.447812970197461e-05,1.4807062711077173e-05,1.4365194086195217e-05,1.5294102575861328e-05,1.569203747875532e-05,1.6164367294130704e-05,1.6810853185769982e-05,1.725434738893518e-05,1.6999431295607506e-05,1.762490223805726e-05,1.7530316616526457e-05,1.71653159630041e-05,1.7240163910948854e-05,1.6799805547340322e-05,1.7087696491828225e-05,1.7508163142717386e-05,1.6007563255640633e-05,1.6293506600877355e-05,1.6167024560847116e-05,1.4380203118737688e-05,1.500294229147921e-05,1.451587198641347e-05,1.3174304500664317e-05,1.4960316620859306e-05,1.5007046178475364e-05,1.4622583354366206e-05,1.3851787592608358e-05,1.4328334654454472e-05,1.4806237864705551e-05,1.3603570005168149e-05
WV,4.598325386214623e-05,4.1533977032570175e-05,4.318733752304937e-05,4.314132067639828e-05,4.772399612432455e-05,4.699222916892685e-05,4.8949929749087597e-05,5.210151848323088e-05,5.331407672267332e-05,5.5340817842150545e-05,5.392768699257056e-05,4.85649453946653e-05,5.532369637586389e-05,5.3469299249255644e-05,5.23467530960062e-05,5.309968734120675e-05,5.33956922817419e-05,5.365919212224703e-05,5.154370668785467e-05,3.9882702070241165e-05,4.4965324936398223e-05,4.367631232345384e-05,4.132432965911792e-05,4.297932491208759e-05,4.62404328751279e-05,4.26875978019948e-05,4.329708807574791e-05,4.2687532828216403e-05,4.230298282889425e-05,4.136078952078176e-05
WY,0.00015456418985214208,0.00014958482071960024,0.0001601840500748087,0.00015127721837948852,0.00015548404341913846,0.0001473531336589961,0.00014935426543879657,0.00014970136641114458,0.00016036110403872314,0.00015709321289501238,0.00015327273900111232,0.0001560497345787919,0.00014916948443779724,0.00015170202996258174,0.00015019028345254965,0.00014929734626180228,0.00014604439821283867,0.00014982638405476784,0.00014805310803031575,0.00013612405461830155,0.00013948251950047933,0.00012408826543358528,0.00014880708439135956,0.00014937865675968858,0.00014709413208741843,0.00011657222660650932,0.00010558015072358146,0.00015007950673729583,0.00012565661550445996,0.00011866383968648636
