,anomaly,date
0,1.142,1950-01-01
1,-0.015,1950-02-01
2,-0.18,1950-03-01
3,-0.973,1950-04-01
4,-0.467,1950-05-01
5,-0.372,1950-06-01
6,-1.107,1950-07-01
7,-0.777,1950-08-01
8,-0.534,1950-09-01
9,1.725,1950-10-01
10,-0.577,1950-11-01
11,0.378,1950-12-01
12,-0.311,1951-01-01
13,0.239,1951-02-01
14,-1.585,1951-03-01
15,-0.22,1951-04-01
16,0.388,1951-05-01
17,-0.935,1951-06-01
18,-0.008,1951-07-01
19,-0.022,1951-08-01
20,-0.298,1951-09-01
21,-0.164,1951-10-01
22,-1.043,1951-11-01
23,-0.631,1951-12-01
24,0.839,1952-01-01
25,0.831,1952-02-01
26,-1.289,1952-03-01
27,0.071,1952-04-01
28,-0.347,1952-05-01
29,0.874,1952-06-01
30,0.082,1952-07-01
31,0.24,1952-08-01
32,0.301,1952-09-01
33,-0.183,1952-10-01
34,0.159,1952-11-01
35,0.625,1952-12-01
36,2.74,1953-01-01
37,1.185,1953-02-01
38,1.253,1953-03-01
39,-0.621,1953-04-01
40,-0.31,1953-05-01
41,0.98,1953-06-01
42,0.284,1953-07-01
43,-0.024,1953-08-01
44,0.627,1953-09-01
45,0.894,1953-10-01
46,1.124,1953-11-01
47,0.658,1953-12-01
48,0.414,1954-01-01
49,2.758,1954-02-01
50,-0.263,1954-03-01
51,1.392,1954-04-01
52,-0.648,1954-05-01
53,0.107,1954-06-01
54,0.674,1954-07-01
55,0.135,1954-08-01
56,0.759,1954-09-01
57,0.624,1954-10-01
58,1.686,1954-11-01
59,-0.278,1954-12-01
60,0.694,1955-01-01
61,-1.78,1955-02-01
62,-0.232,1955-03-01
63,0.434,1955-04-01
64,0.301,1955-05-01
65,-1.244,1955-06-01
66,0.328,1955-07-01
67,0.607,1955-08-01
68,0.403,1955-09-01
69,0.192,1955-10-01
70,-2.337,1955-11-01
71,-0.731,1955-12-01
72,0.2,1956-01-01
73,-1.217,1956-02-01
74,-0.064,1956-03-01
75,-0.718,1956-04-01
76,0.727,1956-05-01
77,0.673,1956-06-01
78,-0.303,1956-07-01
79,-0.28,1956-08-01
80,0.003,1956-09-01
81,0.429,1956-10-01
82,-1.33,1956-11-01
83,0.749,1956-12-01
84,-0.194,1957-01-01
85,1.983,1957-02-01
86,0.748,1957-03-01
87,0.346,1957-04-01
88,-0.14,1957-05-01
89,0.388,1957-06-01
90,0.261,1957-07-01
91,0.097,1957-08-01
92,-0.258,1957-09-01
93,-0.701,1957-10-01
94,0.028,1957-11-01
95,1.417,1957-12-01
96,1.3,1958-01-01
97,-0.5,1958-02-01
98,-0.71,1958-03-01
99,0.085,1958-04-01
100,0.959,1958-05-01
101,-0.048,1958-06-01
102,-0.41,1958-07-01
103,0.628,1958-08-01
104,0.251,1958-09-01
105,-0.086,1958-10-01
106,0.654,1958-11-01
107,0.01,1958-12-01
108,-0.188,1959-01-01
109,0.364,1959-02-01
110,-0.551,1959-03-01
111,0.073,1959-04-01
112,0.34,1959-05-01
113,0.802,1959-06-01
114,-0.396,1959-07-01
115,0.498,1959-08-01
116,-0.095,1959-09-01
117,-0.39,1959-10-01
118,-1.173,1959-11-01
119,1.145,1959-12-01
120,0.285,1960-01-01
121,-0.732,1960-02-01
122,-2.199,1960-03-01
123,0.33,1960-04-01
124,-0.139,1960-05-01
125,0.089,1960-06-01
126,0.068,1960-07-01
127,-0.016,1960-08-01
128,0.515,1960-09-01
129,0.345,1960-10-01
130,0.272,1960-11-01
131,-0.015,1960-12-01
132,0.951,1961-01-01
133,1.345,1961-02-01
134,0.735,1961-03-01
135,-1.297,1961-04-01
136,-0.404,1961-05-01
137,0.39,1961-06-01
138,-0.352,1961-07-01
139,0.212,1961-08-01
140,-0.582,1961-09-01
141,-0.4,1961-10-01
142,-0.732,1961-11-01
143,-1.646,1961-12-01
144,-0.783,1962-01-01
145,1.436,1962-02-01
146,-1.189,1962-03-01
147,0.427,1962-04-01
148,0.713,1962-05-01
149,-0.328,1962-06-01
150,-0.576,1962-07-01
151,0.188,1962-08-01
152,-0.502,1962-09-01
153,1.163,1962-10-01
154,0.869,1962-11-01
155,0.529,1962-12-01
156,-1.419,1963-01-01
157,0.63,1963-02-01
158,1.422,1963-03-01
159,0.424,1963-04-01
160,0.558,1963-05-01
161,-0.181,1963-06-01
162,-0.1,1963-07-01
163,-0.073,1963-08-01
164,0.865,1963-09-01
165,2.398,1963-10-01
166,0.304,1963-11-01
167,-1.373,1963-12-01
168,0.884,1964-01-01
169,-1.034,1964-02-01
170,-1.486,1964-03-01
171,-0.214,1964-04-01
172,0.023,1964-05-01
173,-0.2,1964-06-01
174,0.411,1964-07-01
175,-0.635,1964-08-01
176,-0.431,1964-09-01
177,0.086,1964-10-01
178,0.341,1964-11-01
179,-1.354,1964-12-01
180,0.884,1965-01-01
181,-1.293,1965-02-01
182,-1.296,1965-03-01
183,0.633,1965-04-01
184,-0.129,1965-05-01
185,-1.013,1965-06-01
186,-0.616,1965-07-01
187,-0.594,1965-08-01
188,-1.158,1965-09-01
189,-0.164,1965-10-01
190,1.746,1965-11-01
191,1.214,1965-12-01
192,-1.682,1966-01-01
193,-1.084,1966-02-01
194,0.338,1966-03-01
195,-0.64,1966-04-01
196,-0.321,1966-05-01
197,-0.155,1966-06-01
198,0.628,1966-07-01
199,-0.627,1966-08-01
200,0.029,1966-09-01
201,-0.748,1966-10-01
202,0.795,1966-11-01
203,-0.262,1966-12-01
204,1.79,1967-01-01
205,-0.313,1967-02-01
206,1.86,1967-03-01
207,0.396,1967-04-01
208,-1.136,1967-05-01
209,-0.321,1967-06-01
210,-0.559,1967-07-01
211,-0.3,1967-08-01
212,-0.268,1967-09-01
213,-0.143,1967-10-01
214,0.261,1967-11-01
215,-0.003,1967-12-01
216,-0.035,1968-01-01
217,-0.532,1968-02-01
218,1.767,1968-03-01
219,-0.283,1968-04-01
220,-0.909,1968-05-01
221,-0.014,1968-06-01
222,-0.102,1968-07-01
223,-0.418,1968-08-01
224,-0.563,1968-09-01
225,0.114,1968-10-01
226,-0.2,1968-11-01
227,-1.718,1968-12-01
228,-0.448,1969-01-01
229,-0.473,1969-02-01
230,-1.835,1969-03-01
231,1.243,1969-04-01
232,0.863,1969-05-01
233,-0.494,1969-06-01
234,0.111,1969-07-01
235,0.13,1969-08-01
236,0.539,1969-09-01
237,-0.858,1969-10-01
238,-0.335,1969-11-01
239,1.315,1969-12-01
240,-1.548,1970-01-01
241,1.502,1970-02-01
242,-0.394,1970-03-01
243,-0.684,1970-04-01
244,0.534,1970-05-01
245,0.039,1970-06-01
246,0.064,1970-07-01
247,0.55,1970-08-01
248,-0.453,1970-09-01
249,-1.448,1970-10-01
250,0.171,1970-11-01
251,0.249,1970-12-01
252,-1.111,1971-01-01
253,-0.57,1971-02-01
254,-1.156,1971-03-01
255,-0.654,1971-04-01
256,-1.145,1971-05-01
257,0.568,1971-06-01
258,-0.594,1971-07-01
259,-0.074,1971-08-01
260,-0.262,1971-09-01
261,0.355,1971-10-01
262,-0.249,1971-11-01
263,0.656,1971-12-01
264,-0.21,1972-01-01
265,-0.538,1972-02-01
266,0.652,1972-03-01
267,-0.709,1972-04-01
268,0.103,1972-05-01
269,-0.199,1972-06-01
270,-0.422,1972-07-01
271,0.082,1972-08-01
272,-0.307,1972-09-01
273,-0.642,1972-10-01
274,-1.113,1972-11-01
275,-1.096,1972-12-01
276,-0.478,1973-01-01
277,0.118,1973-02-01
278,1.554,1973-03-01
279,-0.845,1973-04-01
280,-0.403,1973-05-01
281,0.181,1973-06-01
282,-0.257,1973-07-01
283,0.122,1973-08-01
284,-0.089,1973-09-01
285,0.801,1973-10-01
286,0.23,1973-11-01
287,0.743,1973-12-01
288,0.486,1974-01-01
289,-0.528,1974-02-01
290,1.581,1974-03-01
291,0.348,1974-04-01
292,0.251,1974-05-01
293,-0.092,1974-06-01
294,0.217,1974-07-01
295,-0.566,1974-08-01
296,-0.811,1974-09-01
297,-0.415,1974-10-01
298,0.003,1974-11-01
299,-0.092,1974-12-01
300,0.863,1975-01-01
301,-0.586,1975-02-01
302,-0.74,1975-03-01
303,-2.085,1975-04-01
304,0.067,1975-05-01
305,-0.567,1975-06-01
306,0.046,1975-07-01
307,-0.21,1975-08-01
308,-0.975,1975-09-01
309,0.111,1975-10-01
310,-0.364,1975-11-01
311,0.147,1975-12-01
312,0.2,1976-01-01
313,1.997,1976-02-01
314,0.776,1976-03-01
315,0.516,1976-04-01
316,-0.583,1976-05-01
317,-0.314,1976-06-01
318,-0.292,1976-07-01
319,-0.362,1976-08-01
320,-0.09,1976-09-01
321,-1.918,1976-10-01
322,-0.876,1976-11-01
323,-0.692,1976-12-01
324,-1.529,1977-01-01
325,2.027,1977-02-01
326,0.75,1977-03-01
327,1.1,1977-04-01
328,0.654,1977-05-01
329,0.972,1977-06-01
330,0.581,1977-07-01
331,0.407,1977-08-01
332,0.751,1977-09-01
333,0.07,1977-10-01
334,-0.091,1977-11-01
335,0.017,1977-12-01
336,-0.577,1978-01-01
337,-2.106,1978-02-01
338,0.641,1978-03-01
339,0.681,1978-04-01
340,-0.004,1978-05-01
341,0.107,1978-06-01
342,0.239,1978-07-01
343,0.153,1978-08-01
344,0.756,1978-09-01
345,-0.015,1978-10-01
346,0.385,1978-11-01
347,-0.754,1978-12-01
348,-2.57,1979-01-01
349,-3.55,1979-02-01
350,1.004,1979-03-01
351,-0.085,1979-04-01
352,-0.139,1979-05-01
353,-0.25,1979-06-01
354,-0.056,1979-07-01
355,-0.126,1979-08-01
356,0.823,1979-09-01
357,1.079,1979-10-01
358,0.18,1979-11-01
359,1.006,1979-12-01
360,0.552,1980-01-01
361,0.423,1980-02-01
362,-0.093,1980-03-01
363,0.557,1980-04-01
364,0.277,1980-05-01
365,0.185,1980-06-01
366,1.049,1980-07-01
367,0.276,1980-08-01
368,0.519,1980-09-01
369,-0.386,1980-10-01
370,0.635,1980-11-01
371,0.165,1980-12-01
372,3.081,1981-01-01
373,1.772,1981-02-01
374,2.058,1981-03-01
375,2.13,1981-04-01
376,-0.007,1981-05-01
377,0.702,1981-06-01
378,0.07,1981-07-01
379,0.01,1981-08-01
380,-0.042,1981-09-01
381,-0.67,1981-10-01
382,1.556,1981-11-01
383,0.554,1981-12-01
384,-1.751,1982-01-01
385,-0.387,1982-02-01
386,0.866,1982-03-01
387,-1.315,1982-04-01
388,0.111,1982-05-01
389,-0.924,1982-06-01
390,-0.114,1982-07-01
391,0.064,1982-08-01
392,-0.209,1982-09-01
393,-0.935,1982-10-01
394,-0.376,1982-11-01
395,1.897,1982-12-01
396,1.444,1983-01-01
397,1.765,1983-02-01
398,1.057,1983-03-01
399,-1.442,1983-04-01
400,-0.879,1983-05-01
401,-0.485,1983-06-01
402,0.293,1983-07-01
403,1.263,1983-08-01
404,0.069,1983-09-01
405,0.112,1983-10-01
406,0.974,1983-11-01
407,-2.835,1983-12-01
408,-0.165,1984-01-01
409,0.723,1984-02-01
410,0.377,1984-03-01
411,-0.906,1984-04-01
412,-0.123,1984-05-01
413,0.266,1984-06-01
414,-0.241,1984-07-01
415,0.378,1984-08-01
416,-0.596,1984-09-01
417,-0.225,1984-10-01
418,-0.411,1984-11-01
419,1.05,1984-12-01
420,0.035,1985-01-01
421,-1.71,1985-02-01
422,1.489,1985-03-01
423,0.651,1985-04-01
424,0.774,1985-05-01
425,-0.305,1985-06-01
426,0.266,1985-07-01
427,-0.484,1985-08-01
428,-1.0,1985-09-01
429,-0.308,1985-10-01
430,-1.255,1985-11-01
431,-0.669,1985-12-01
432,2.766,1986-01-01
433,1.553,1986-02-01
434,2.294,1986-03-01
435,0.345,1986-04-01
436,0.346,1986-05-01
437,1.02,1986-06-01
438,0.044,1986-07-01
439,-0.316,1986-08-01
440,-0.363,1986-09-01
441,-0.065,1986-10-01
442,-0.304,1986-11-01
443,1.747,1986-12-01
444,1.496,1987-01-01
445,1.991,1987-02-01
446,1.08,1987-03-01
447,1.103,1987-04-01
448,1.363,1987-05-01
449,0.858,1987-06-01
450,-0.024,1987-07-01
451,0.081,1987-08-01
452,0.087,1987-09-01
453,-0.104,1987-10-01
454,1.035,1987-11-01
455,0.905,1987-12-01
456,-0.213,1988-01-01
457,0.368,1988-02-01
458,1.073,1988-03-01
459,0.606,1988-04-01
460,0.739,1988-05-01
461,1.268,1988-06-01
462,0.734,1988-07-01
463,0.781,1988-08-01
464,-0.116,1988-09-01
465,-0.53,1988-10-01
466,0.124,1988-11-01
467,0.828,1988-12-01
468,0.96,1989-01-01
469,-1.122,1989-02-01
470,0.926,1989-03-01
471,1.366,1989-04-01
472,0.131,1989-05-01
473,-0.075,1989-06-01
474,0.468,1989-07-01
475,-0.036,1989-08-01
476,-0.05,1989-09-01
477,0.145,1989-10-01
478,-0.2,1989-11-01
479,-1.723,1989-12-01
480,2.943,1990-01-01
481,-0.013,1990-02-01
482,2.289,1990-03-01
483,1.312,1990-04-01
484,-0.14,1990-05-01
485,1.007,1990-06-01
486,0.097,1990-07-01
487,0.361,1990-08-01
488,1.169,1990-09-01
489,-0.169,1990-10-01
490,0.814,1990-11-01
491,-1.079,1990-12-01
492,0.2,1991-01-01
493,2.768,1991-02-01
494,1.319,1991-03-01
495,1.085,1991-04-01
496,1.181,1991-05-01
497,0.569,1991-06-01
498,0.112,1991-07-01
499,0.368,1991-08-01
500,0.322,1991-09-01
501,0.397,1991-10-01
502,-1.344,1991-11-01
503,1.316,1991-12-01
504,2.31,1992-01-01
505,2.41,1992-02-01
506,2.044,1992-03-01
507,0.658,1992-04-01
508,0.119,1992-05-01
509,-0.302,1992-06-01
510,-0.915,1992-07-01
511,-1.016,1992-08-01
512,-0.818,1992-09-01
513,-0.227,1992-10-01
514,-0.67,1992-11-01
515,-0.549,1992-12-01
516,0.557,1993-01-01
517,-0.679,1993-02-01
518,1.002,1993-03-01
519,0.147,1993-04-01
520,0.715,1993-05-01
521,-0.315,1993-06-01
522,-0.251,1993-07-01
523,-0.008,1993-08-01
524,-0.746,1993-09-01
525,-0.167,1993-10-01
526,-0.902,1993-11-01
527,1.349,1993-12-01
528,0.343,1994-01-01
529,-0.884,1994-02-01
530,1.556,1994-03-01
531,0.964,1994-04-01
532,0.509,1994-05-01
533,1.196,1994-06-01
534,0.193,1994-07-01
535,0.316,1994-08-01
536,0.292,1994-09-01
537,-0.179,1994-10-01
538,-0.094,1994-11-01
539,1.473,1994-12-01
540,1.932,1995-01-01
541,2.006,1995-02-01
542,0.88,1995-03-01
543,-0.096,1995-04-01
544,-0.192,1995-05-01
545,-0.296,1995-06-01
546,0.134,1995-07-01
547,1.084,1995-08-01
548,0.469,1995-09-01
549,0.276,1995-10-01
550,-0.183,1995-11-01
551,0.402,1995-12-01
552,-0.229,1996-01-01
553,0.854,1996-02-01
554,-0.171,1996-03-01
555,-0.096,1996-04-01
556,0.681,1996-05-01
557,0.746,1996-06-01
558,0.132,1996-07-01
559,-0.003,1996-08-01
560,-0.844,1996-09-01
561,-0.932,1996-10-01
562,-0.996,1996-11-01
563,0.333,1996-12-01
564,0.074,1997-01-01
565,1.96,1997-02-01
566,1.572,1997-03-01
567,-0.994,1997-04-01
568,-0.002,1997-05-01
569,0.273,1997-06-01
570,0.096,1997-07-01
571,0.141,1997-08-01
572,1.181,1997-09-01
573,-0.515,1997-10-01
574,0.153,1997-11-01
575,0.568,1997-12-01
576,2.39,1998-01-01
577,2.753,1998-02-01
578,1.132,1998-03-01
579,0.789,1998-04-01
580,1.293,1998-05-01
581,0.009,1998-06-01
582,1.124,1998-07-01
583,0.802,1998-08-01
584,2.113,1998-09-01
585,0.679,1998-10-01
586,1.719,1998-11-01
587,1.339,1998-12-01
588,1.541,1999-01-01
589,1.955,1999-02-01
590,0.809,1999-03-01
591,0.306,1999-04-01
592,-0.011,1999-05-01
593,0.149,1999-06-01
594,0.441,1999-07-01
595,0.607,1999-08-01
596,0.006,1999-09-01
597,0.086,1999-10-01
598,2.557,1999-11-01
599,0.967,1999-12-01
600,1.756,2000-01-01
601,3.761,2000-02-01
602,2.959,2000-03-01
603,0.853,2000-04-01
604,1.177,2000-05-01
605,0.523,2000-06-01
606,0.111,2000-07-01
607,0.773,2000-08-01
608,0.251,2000-09-01
609,0.384,2000-10-01
610,-1.204,2000-11-01
611,-1.097,2000-12-01
612,2.027,2001-01-01
613,1.025,2001-02-01
614,0.416,2001-03-01
615,1.188,2001-04-01
616,0.814,2001-05-01
617,0.584,2001-06-01
618,0.412,2001-07-01
619,1.151,2001-08-01
620,0.648,2001-09-01
621,-0.162,2001-10-01
622,2.445,2001-11-01
623,1.302,2001-12-01
624,2.92,2002-01-01
625,1.539,2002-02-01
626,-0.089,2002-03-01
627,1.142,2002-04-01
628,0.007,2002-05-01
629,1.287,2002-06-01
630,1.187,2002-07-01
631,0.412,2002-08-01
632,1.254,2002-09-01
633,-0.455,2002-10-01
634,1.128,2002-11-01
635,1.997,2002-12-01
636,2.276,2003-01-01
637,0.508,2003-02-01
638,1.262,2003-03-01
639,0.956,2003-04-01
640,0.537,2003-05-01
641,0.107,2003-06-01
642,1.016,2003-07-01
643,1.349,2003-08-01
644,0.033,2003-09-01
645,1.728,2003-10-01
646,0.563,2003-11-01
647,1.314,2003-12-01
648,0.254,2004-01-01
649,0.331,2004-02-01
650,3.002,2004-03-01
651,1.317,2004-04-01
652,1.339,2004-05-01
653,0.472,2004-06-01
654,0.177,2004-07-01
655,-0.311,2004-08-01
656,0.207,2004-09-01
657,0.931,2004-10-01
658,1.415,2004-11-01
659,1.457,2004-12-01
660,2.228,2005-01-01
661,2.168,2005-02-01
662,1.378,2005-03-01
663,0.723,2005-04-01
664,0.292,2005-05-01
665,0.745,2005-06-01
666,0.985,2005-07-01
667,0.857,2005-08-01
668,1.463,2005-09-01
669,0.742,2005-10-01
670,0.864,2005-11-01
671,0.814,2005-12-01
672,3.79,2006-01-01
673,1.195,2006-02-01
674,0.615,2006-03-01
675,1.773,2006-04-01
676,1.254,2006-05-01
677,1.17,2006-06-01
678,1.428,2006-07-01
679,0.59,2006-08-01
680,-0.275,2006-09-01
681,-0.127,2006-10-01
682,0.623,2006-11-01
683,2.208,2006-12-01
684,1.125,2007-01-01
685,-0.459,2007-02-01
686,2.275,2007-03-01
687,0.405,2007-04-01
688,1.194,2007-05-01
689,0.951,2007-06-01
690,0.869,2007-07-01
691,1.639,2007-08-01
692,1.115,2007-09-01
693,1.189,2007-10-01
694,1.718,2007-11-01
695,0.634,2007-12-01
696,0.199,2008-01-01
697,0.176,2008-02-01
698,0.649,2008-03-01
699,-0.178,2008-04-01
700,-0.18,2008-05-01
701,0.619,2008-06-01
702,0.203,2008-07-01
703,0.061,2008-08-01
704,0.303,2008-09-01
705,-0.579,2008-10-01
706,0.831,2008-11-01
707,-0.144,2008-12-01
708,0.527,2009-01-01
709,1.447,2009-02-01
710,0.649,2009-03-01
711,0.105,2009-04-01
712,0.975,2009-05-01
713,0.2,2009-06-01
714,-0.021,2009-07-01
715,-0.046,2009-08-01
716,0.903,2009-09-01
717,-1.206,2009-10-01
718,1.449,2009-11-01
719,-0.801,2009-12-01
720,0.486,2010-01-01
721,-0.351,2010-02-01
722,1.245,2010-03-01
723,1.465,2010-04-01
724,0.267,2010-05-01
725,1.114,2010-06-01
726,0.58,2010-07-01
727,1.216,2010-08-01
728,1.121,2010-09-01
729,1.154,2010-10-01
730,0.797,2010-11-01
731,-0.563,2010-12-01
732,0.586,2011-01-01
733,-0.13,2011-02-01
734,1.288,2011-03-01
735,0.506,2011-04-01
736,-0.149,2011-05-01
737,0.815,2011-06-01
738,1.233,2011-07-01
739,1.429,2011-08-01
740,0.872,2011-09-01
741,0.734,2011-10-01
742,0.16,2011-11-01
743,1.73,2011-12-01
744,1.816,2012-01-01
745,2.35,2012-02-01
746,3.842,2012-03-01
747,2.122,2012-04-01
748,1.524,2012-05-01
749,1.248,2012-06-01
750,1.503,2012-07-01
751,0.931,2012-08-01
752,0.756,2012-09-01
753,-0.035,2012-10-01
754,0.545,2012-11-01
755,1.128,2012-12-01
756,1.954,2013-01-01
757,0.577,2013-02-01
758,0.162,2013-03-01
759,-1.072,2013-04-01
760,0.157,2013-05-01
761,1.433,2013-06-01
762,0.563,2013-07-01
763,0.681,2013-08-01
764,0.98,2013-09-01
765,0.462,2013-10-01
766,0.118,2013-11-01
767,-0.444,2013-12-01
768,1.887,2014-01-01
769,-0.548,2014-02-01
770,0.294,2014-03-01
771,0.747,2014-04-01
772,0.943,2014-05-01
773,0.528,2014-06-01
774,-0.062,2014-07-01
775,0.368,2014-08-01
776,0.845,2014-09-01
777,1.349,2014-10-01
778,-0.452,2014-11-01
779,2.76,2014-12-01
780,2.151,2015-01-01
781,0.35,2015-02-01
782,2.58,2015-03-01
783,1.487,2015-04-01
784,0.989,2015-05-01
785,1.697,2015-06-01
786,0.364,2015-07-01
787,0.437,2015-08-01
788,1.608,2015-09-01
789,1.928,2015-10-01
790,1.749,2015-11-01
791,3.083,2015-12-01
792,2.599,2016-01-01
793,3.747,2016-02-01
794,3.741,2016-03-01
795,1.889,2016-04-01
796,0.186,2016-05-01
797,0.136,1850-01-01
798,-0.304,1850-02-01
799,-1.071,1850-03-01
800,-2.07,1850-04-01
801,-1.889,1850-05-01
802,-0.413,1850-06-01
803,-0.086,1850-07-01
804,0.836,1850-08-01
805,-0.19,1850-09-01
806,-0.904,1850-10-01
807,-0.48,1850-11-01
808,-2.466,1850-12-01
809,0.628,1851-01-01
810,0.07,1851-02-01
811,0.709,1851-03-01
812,-0.501,1851-04-01
813,0.027,1851-05-01
814,0.061,1851-06-01
815,-0.123,1851-07-01
816,-0.095,1851-08-01
817,0.143,1851-09-01
818,-0.523,1851-10-01
819,-1.456,1851-11-01
820,-1.579,1851-12-01
821,-0.469,1852-01-01
822,0.908,1852-02-01
823,-0.427,1852-03-01
824,-1.358,1852-04-01
825,-0.022,1852-05-01
826,-0.297,1852-06-01
827,0.026,1852-07-01
828,-0.425,1852-08-01
829,-1.35,1852-09-01
830,-0.557,1852-10-01
831,-2.21,1852-11-01
832,-0.599,1852-12-01
833,0.402,1853-01-01
834,-1.312,1853-02-01
835,-0.407,1853-03-01
836,-0.16,1853-04-01
837,-0.387,1853-05-01
838,0.422,1853-06-01
839,-0.756,1853-07-01
840,-0.744,1853-08-01
841,-0.37,1853-09-01
842,-1.991,1853-10-01
843,-0.249,1853-11-01
844,-0.494,1853-12-01
845,-1.238,1854-01-01
846,-0.093,1854-02-01
847,0.582,1854-03-01
848,-0.107,1854-04-01
849,-0.798,1854-05-01
850,-0.559,1854-06-01
851,0.42,1854-07-01
852,0.022,1854-08-01
853,-0.312,1854-09-01
854,-0.08,1854-10-01
855,-0.257,1854-11-01
856,-0.079,1854-12-01
857,0.393,1855-01-01
858,-1.526,1855-02-01
859,-0.951,1855-03-01
860,0.792,1855-04-01
861,0.139,1855-05-01
862,-0.68,1855-06-01
863,-0.594,1855-07-01
864,-0.834,1855-08-01
865,-0.487,1855-09-01
866,-1.833,1855-10-01
867,-0.646,1855-11-01
868,-1.785,1855-12-01
869,-2.627,1856-01-01
870,-1.89,1856-02-01
871,-1.458,1856-03-01
872,0.172,1856-04-01
873,-0.462,1856-05-01
874,0.899,1856-06-01
875,0.181,1856-07-01
876,-0.975,1856-08-01
877,-1.394,1856-09-01
878,-1.375,1856-10-01
879,-1.418,1856-11-01
880,-2.719,1856-12-01
881,-2.991,1857-01-01
882,1.504,1857-02-01
883,-0.818,1857-03-01
884,-2.441,1857-04-01
885,-1.21,1857-05-01
886,-0.368,1857-06-01
887,-0.677,1857-07-01
888,-0.737,1857-08-01
889,-1.067,1857-09-01
890,-1.826,1857-10-01
891,-1.426,1857-11-01
892,1.251,1857-12-01
893,2.655,1858-01-01
894,-1.737,1858-02-01
895,0.296,1858-03-01
896,-0.636,1858-04-01
897,-0.884,1858-05-01
898,-0.142,1858-06-01
899,-0.721,1858-07-01
900,-1.003,1858-08-01
901,-0.889,1858-09-01
902,-0.895,1858-10-01
903,-2.0,1858-11-01
904,-0.647,1858-12-01
905,-0.108,1859-01-01
906,0.135,1859-02-01
907,0.265,1859-03-01
908,-1.902,1859-04-01
909,0.059,1859-05-01
910,-0.449,1859-06-01
911,-0.898,1859-07-01
912,-1.167,1859-08-01
913,-1.914,1859-09-01
914,-2.1,1859-10-01
915,-0.183,1859-11-01
916,-2.658,1859-12-01
917,0.324,1860-01-01
918,-0.507,1860-02-01
919,0.744,1860-03-01
920,-0.389,1860-04-01
921,0.17,1860-05-01
922,-0.367,1860-06-01
923,-0.146,1860-07-01
924,-0.796,1860-08-01
925,-1.19,1860-09-01
926,-1.116,1860-10-01
927,-1.004,1860-11-01
928,-1.107,1860-12-01
929,-1.339,1861-01-01
930,0.435,1861-02-01
931,0.025,1861-03-01
932,-0.112,1861-04-01
933,-0.934,1861-05-01
934,0.285,1861-06-01
935,-0.595,1861-07-01
936,-1.008,1861-08-01
937,-0.778,1861-09-01
938,-0.858,1861-10-01
939,-0.048,1861-11-01
940,0.85,1861-12-01
941,-0.173,1862-01-01
942,-2.263,1862-02-01
943,-0.71,1862-03-01
944,-1.534,1862-04-01
945,-0.459,1862-05-01
946,-0.502,1862-06-01
947,-0.181,1862-07-01
948,-0.073,1862-08-01
949,-0.5,1862-09-01
950,-0.673,1862-10-01
951,-0.668,1862-11-01
952,0.53,1862-12-01
953,1.206,1863-01-01
954,-0.501,1863-02-01
955,0.218,1863-03-01
956,-0.198,1863-04-01
957,-0.2,1863-05-01
958,-1.028,1863-06-01
959,-0.904,1863-07-01
960,-0.72,1863-08-01
961,-0.7,1863-09-01
962,-2.133,1863-10-01
963,-1.0,1863-11-01
964,-0.793,1863-12-01
965,-0.445,1864-01-01
966,0.639,1864-02-01
967,-1.022,1864-03-01
968,-1.039,1864-04-01
969,0.487,1864-05-01
970,0.02,1864-06-01
971,0.13,1864-07-01
972,0.122,1864-08-01
973,-0.535,1864-09-01
974,-1.853,1864-10-01
975,-1.127,1864-11-01
976,-1.521,1864-12-01
977,-0.763,1865-01-01
978,-0.472,1865-02-01
979,-0.999,1865-03-01
980,-1.054,1865-04-01
981,0.576,1865-05-01
982,0.474,1865-06-01
983,-0.773,1865-07-01
984,-0.005,1865-08-01
985,0.914,1865-09-01
986,-0.895,1865-10-01
987,0.696,1865-11-01
988,-2.672,1865-12-01
989,-0.333,1866-01-01
990,-1.065,1866-02-01
991,-0.702,1866-03-01
992,0.496,1866-04-01
993,-0.778,1866-05-01
994,-0.597,1866-06-01
995,0.21,1866-07-01
996,-1.038,1866-08-01
997,-1.657,1866-09-01
998,-0.587,1866-10-01
999,0.072,1866-11-01
1000,0.074,1866-12-01
1001,-0.782,1867-01-01
1002,0.236,1867-02-01
1003,-3.421,1867-03-01
1004,-0.286,1867-04-01
1005,-1.563,1867-05-01
1006,0.444,1867-06-01
1007,-0.578,1867-07-01
1008,-0.286,1867-08-01
1009,0.082,1867-09-01
1010,-0.275,1867-10-01
1011,0.818,1867-11-01
1012,1.052,1867-12-01
1013,-2.231,1868-01-01
1014,-1.071,1868-02-01
1015,1.366,1868-03-01
1016,-0.727,1868-04-01
1017,-0.177,1868-05-01
1018,-0.196,1868-06-01
1019,0.727,1868-07-01
1020,-0.883,1868-08-01
1021,-1.535,1868-09-01
1022,-0.838,1868-10-01
1023,-1.194,1868-11-01
1024,-1.068,1868-12-01
1025,1.255,1869-01-01
1026,-0.25,1869-02-01
1027,-0.869,1869-03-01
1028,-0.808,1869-04-01
1029,-0.363,1869-05-01
1030,-0.363,1869-06-01
1031,-0.491,1869-07-01
1032,0.1,1869-08-01
1033,-0.823,1869-09-01
1034,-2.629,1869-10-01
1035,-0.905,1869-11-01
1036,-0.735,1869-12-01
1037,0.943,1870-01-01
1038,0.645,1870-02-01
1039,-1.32,1870-03-01
1040,0.279,1870-04-01
1041,0.749,1870-05-01
1042,0.472,1870-06-01
1043,0.47,1870-07-01
1044,-0.808,1870-08-01
1045,-0.001,1870-09-01
1046,-0.342,1870-10-01
1047,0.602,1870-11-01
1048,-1.597,1870-12-01
1049,0.915,1871-01-01
1050,0.37,1871-02-01
1051,0.548,1871-03-01
1052,0.141,1871-04-01
1053,0.326,1871-05-01
1054,0.764,1871-06-01
1055,-0.357,1871-07-01
1056,0.054,1871-08-01
1057,-0.806,1871-09-01
1058,-0.301,1871-10-01
1059,-2.346,1871-11-01
1060,-1.249,1871-12-01
1061,-0.532,1872-01-01
1062,-0.106,1872-02-01
1063,-1.074,1872-03-01
1064,-0.453,1872-04-01
1065,0.262,1872-05-01
1066,0.217,1872-06-01
1067,-0.473,1872-07-01
1068,-0.125,1872-08-01
1069,-0.651,1872-09-01
1070,-0.719,1872-10-01
1071,-2.832,1872-11-01
1072,-2.364,1872-12-01
1073,-1.02,1873-01-01
1074,-1.091,1873-02-01
1075,-0.174,1873-03-01
1076,-1.53,1873-04-01
1077,-0.89,1873-05-01
1078,0.523,1873-06-01
1079,-0.165,1873-07-01
1080,-0.107,1873-08-01
1081,-0.799,1873-09-01
1082,-1.799,1873-10-01
1083,-0.619,1873-11-01
1084,-0.357,1873-12-01
1085,1.046,1874-01-01
1086,-0.64,1874-02-01
1087,-0.5,1874-03-01
1088,-1.843,1874-04-01
1089,1.068,1874-05-01
1090,0.796,1874-06-01
1091,0.519,1874-07-01
1092,0.611,1874-08-01
1093,-0.064,1874-09-01
1094,-0.038,1874-10-01
1095,-0.596,1874-11-01
1096,0.348,1874-12-01
1097,-3.33,1875-01-01
1098,-2.512,1875-02-01
1099,-1.678,1875-03-01
1100,-1.441,1875-04-01
1101,0.174,1875-05-01
1102,-0.024,1875-06-01
1103,-0.378,1875-07-01
1104,-0.864,1875-08-01
1105,-0.881,1875-09-01
1106,-0.464,1875-10-01
1107,-1.674,1875-11-01
1108,1.602,1875-12-01
1109,1.453,1876-01-01
1110,0.099,1876-02-01
1111,-2.04,1876-03-01
1112,-0.28,1876-04-01
1113,-0.347,1876-05-01
1114,-0.026,1876-06-01
1115,-0.056,1876-07-01
1116,-0.489,1876-08-01
1117,-0.884,1876-09-01
1118,-1.223,1876-10-01
1119,-1.595,1876-11-01
1120,-3.101,1876-12-01
1121,-0.705,1877-01-01
1122,1.401,1877-02-01
1123,0.203,1877-03-01
1124,-0.596,1877-04-01
1125,-0.463,1877-05-01
1126,-0.368,1877-06-01
1127,-0.085,1877-07-01
1128,-0.086,1877-08-01
1129,-0.3,1877-09-01
1130,-1.013,1877-10-01
1131,-0.921,1877-11-01
1132,1.801,1877-12-01
1133,0.706,1878-01-01
1134,1.212,1878-02-01
1135,2.928,1878-03-01
1136,1.02,1878-04-01
1137,-0.691,1878-05-01
1138,-0.173,1878-06-01
1139,0.422,1878-07-01
1140,0.575,1878-08-01
1141,-0.801,1878-09-01
1142,-1.169,1878-10-01
1143,0.436,1878-11-01
1144,-2.023,1878-12-01
1145,-0.566,1879-01-01
1146,-0.576,1879-02-01
1147,1.851,1879-03-01
1148,0.181,1879-04-01
1149,0.583,1879-05-01
1150,-0.212,1879-06-01
1151,0.072,1879-07-01
1152,-0.739,1879-08-01
1153,-0.933,1879-09-01
1154,0.552,1879-10-01
1155,-0.589,1879-11-01
1156,-1.273,1879-12-01
1157,3.022,1880-01-01
1158,-0.357,1880-02-01
1159,-1.091,1880-03-01
1160,-0.373,1880-04-01
1161,0.88,1880-05-01
1162,0.158,1880-06-01
1163,-0.717,1880-07-01
1164,-0.771,1880-08-01
1165,-1.214,1880-09-01
1166,-1.583,1880-10-01
1167,-4.159,1880-11-01
1168,-2.433,1880-12-01
1169,-2.417,1881-01-01
1170,-0.94,1881-02-01
1171,-0.354,1881-03-01
1172,-0.277,1881-04-01
1173,0.968,1881-05-01
1174,0.292,1881-06-01
1175,0.06,1881-07-01
1176,0.457,1881-08-01
1177,-0.06,1881-09-01
1178,-0.241,1881-10-01
1179,-1.447,1881-11-01
1180,1.404,1881-12-01
1181,0.551,1882-01-01
1182,0.755,1882-02-01
1183,0.459,1882-03-01
1184,-0.514,1882-04-01
1185,-1.418,1882-05-01
1186,-0.342,1882-06-01
1187,-1.246,1882-07-01
1188,-0.539,1882-08-01
1189,-0.769,1882-09-01
1190,-0.369,1882-10-01
1191,-1.243,1882-11-01
1192,-0.846,1882-12-01
1193,-2.153,1883-01-01
1194,-2.221,1883-02-01
1195,-0.125,1883-03-01
1196,-0.575,1883-04-01
1197,-0.994,1883-05-01
1198,0.156,1883-06-01
1199,-0.688,1883-07-01
1200,-0.902,1883-08-01
1201,-0.856,1883-09-01
1202,-1.494,1883-10-01
1203,-1.132,1883-11-01
1204,-0.065,1883-12-01
1205,-1.859,1884-01-01
1206,-1.646,1884-02-01
1207,-0.266,1884-03-01
1208,-0.898,1884-04-01
1209,-0.236,1884-05-01
1210,-0.205,1884-06-01
1211,-0.968,1884-07-01
1212,-0.943,1884-08-01
1213,-0.519,1884-09-01
1214,-0.305,1884-10-01
1215,-0.447,1884-11-01
1216,-2.251,1884-12-01
1217,-2.153,1885-01-01
1218,-2.453,1885-02-01
1219,-0.459,1885-03-01
1220,0.317,1885-04-01
1221,-0.432,1885-05-01
1222,-0.618,1885-06-01
1223,-0.354,1885-07-01
1224,-0.918,1885-08-01
1225,-0.647,1885-09-01
1226,-1.139,1885-10-01
1227,-0.05,1885-11-01
1228,0.414,1885-12-01
1229,-3.637,1886-01-01
1230,-0.385,1886-02-01
1231,-1.055,1886-03-01
1232,-0.044,1886-04-01
1233,0.896,1886-05-01
1234,-0.28,1886-06-01
1235,0.208,1886-07-01
1236,-0.002,1886-08-01
1237,-0.607,1886-09-01
1238,-0.508,1886-10-01
1239,-1.977,1886-11-01
1240,-1.035,1886-12-01
1241,-1.637,1887-01-01
1242,-1.589,1887-02-01
1243,0.449,1887-03-01
1244,-0.203,1887-04-01
1245,0.691,1887-05-01
1246,-0.095,1887-06-01
1247,-0.369,1887-07-01
1248,-1.093,1887-08-01
1249,-0.6,1887-09-01
1250,-1.571,1887-10-01
1251,-0.716,1887-11-01
1252,-2.013,1887-12-01
1253,-3.161,1888-01-01
1254,0.349,1888-02-01
1255,-1.924,1888-03-01
1256,0.588,1888-04-01
1257,-0.994,1888-05-01
1258,-0.504,1888-06-01
1259,-0.389,1888-07-01
1260,-0.648,1888-08-01
1261,-0.356,1888-09-01
1262,-0.976,1888-10-01
1263,-0.866,1888-11-01
1264,0.909,1888-12-01
1265,0.232,1889-01-01
1266,-1.496,1889-02-01
1267,1.679,1889-03-01
1268,1.217,1889-04-01
1269,-0.14,1889-05-01
1270,-0.427,1889-06-01
1271,-0.456,1889-07-01
1272,-0.452,1889-08-01
1273,-1.25,1889-09-01
1274,-0.71,1889-10-01
1275,-1.407,1889-11-01
1276,3.114,1889-12-01
1277,0.176,1890-01-01
1278,0.258,1890-02-01
1279,-0.944,1890-03-01
1280,-0.037,1890-04-01
1281,-0.37,1890-05-01
1282,-0.139,1890-06-01
1283,-0.086,1890-07-01
1284,-1.161,1890-08-01
1285,-0.912,1890-09-01
1286,-1.111,1890-10-01
1287,0.435,1890-11-01
1288,0.843,1890-12-01
1289,1.023,1891-01-01
1290,-1.134,1891-02-01
1291,-2.021,1891-03-01
1292,0.169,1891-04-01
1293,-0.833,1891-05-01
1294,-0.782,1891-06-01
1295,-1.31,1891-07-01
1296,-0.557,1891-08-01
1297,0.088,1891-09-01
1298,-0.877,1891-10-01
1299,-0.989,1891-11-01
1300,0.674,1891-12-01
1301,-1.099,1892-01-01
1302,0.682,1892-02-01
1303,-0.735,1892-03-01
1304,-1.011,1892-04-01
1305,-1.283,1892-05-01
1306,-0.478,1892-06-01
1307,-0.866,1892-07-01
1308,-0.493,1892-08-01
1309,-0.112,1892-09-01
1310,-0.294,1892-10-01
1311,-1.393,1892-11-01
1312,-0.895,1892-12-01
1313,-1.705,1893-01-01
1314,-1.108,1893-02-01
1315,-0.724,1893-03-01
1316,-0.275,1893-04-01
1317,-0.543,1893-05-01
1318,-0.108,1893-06-01
1319,-0.24,1893-07-01
1320,-0.801,1893-08-01
1321,-0.657,1893-09-01
1322,-1.002,1893-10-01
1323,-1.294,1893-11-01
1324,0.185,1893-12-01
1325,-0.294,1894-01-01
1326,-3.031,1894-02-01
1327,0.97,1894-03-01
1328,-0.023,1894-04-01
1329,-0.11,1894-05-01
1330,-0.551,1894-06-01
1331,-0.556,1894-07-01
1332,-0.274,1894-08-01
1333,-0.485,1894-09-01
1334,-0.438,1894-10-01
1335,-0.503,1894-11-01
1336,0.618,1894-12-01
1337,-1.409,1895-01-01
1338,-3.505,1895-02-01
1339,-0.385,1895-03-01
1340,0.444,1895-04-01
1341,-0.238,1895-05-01
1342,-0.624,1895-06-01
1343,-1.401,1895-07-01
1344,-0.546,1895-08-01
1345,-0.023,1895-09-01
1346,-1.65,1895-10-01
1347,-1.074,1895-11-01
1348,-0.803,1895-12-01
1349,0.205,1896-01-01
1350,-0.54,1896-02-01
1351,-1.201,1896-03-01
1352,0.149,1896-04-01
1353,0.503,1896-05-01
1354,0.245,1896-06-01
1355,-0.409,1896-07-01
1356,-0.28,1896-08-01
1357,-0.923,1896-09-01
1358,-1.014,1896-10-01
1359,-1.485,1896-11-01
1360,0.932,1896-12-01
1361,-0.457,1897-01-01
1362,-0.145,1897-02-01
1363,-1.338,1897-03-01
1364,-0.191,1897-04-01
1365,0.151,1897-05-01
1366,-0.327,1897-06-01
1367,-0.603,1897-07-01
1368,-0.578,1897-08-01
1369,0.13,1897-09-01
1370,-0.174,1897-10-01
1371,-0.382,1897-11-01
1372,-0.351,1897-12-01
1373,0.581,1898-01-01
1374,0.177,1898-02-01
1375,0.908,1898-03-01
1376,-0.05,1898-04-01
1377,-0.654,1898-05-01
1378,0.108,1898-06-01
1379,-0.404,1898-07-01
1380,0.078,1898-08-01
1381,-0.075,1898-09-01
1382,-1.555,1898-10-01
1383,-2.055,1898-11-01
1384,-1.792,1898-12-01
1385,0.025,1899-01-01
1386,-4.231,1899-02-01
1387,-1.425,1899-03-01
1388,-0.278,1899-04-01
1389,-0.404,1899-05-01
1390,-0.344,1899-06-01
1391,-0.441,1899-07-01
1392,-0.356,1899-08-01
1393,-0.334,1899-09-01
1394,-0.3,1899-10-01
1395,1.531,1899-11-01
1396,-0.708,1899-12-01
1397,1.54,1900-01-01
1398,-1.188,1900-02-01
1399,0.474,1900-03-01
1400,0.068,1900-04-01
1401,0.434,1900-05-01
1402,0.528,1900-06-01
1403,-0.383,1900-07-01
1404,0.093,1900-08-01
1405,-0.042,1900-09-01
1406,0.792,1900-10-01
1407,-0.353,1900-11-01
1408,0.879,1900-12-01
1409,0.671,1901-01-01
1410,-2.07,1901-02-01
1411,-0.104,1901-03-01
1412,-1.18,1901-04-01
1413,-0.236,1901-05-01
1414,-0.404,1901-06-01
1415,0.884,1901-07-01
1416,0.114,1901-08-01
1417,-0.927,1901-09-01
1418,0.478,1901-10-01
1419,-0.276,1901-11-01
1420,-0.527,1901-12-01
1421,0.224,1902-01-01
1422,-0.593,1902-02-01
1423,-0.289,1902-03-01
1424,-0.329,1902-04-01
1425,0.658,1902-05-01
1426,-0.159,1902-06-01
1427,-0.854,1902-07-01
1428,-0.55,1902-08-01
1429,-1.13,1902-09-01
1430,0.254,1902-10-01
1431,0.392,1902-11-01
1432,-1.73,1902-12-01
1433,-0.144,1903-01-01
1434,-2.314,1903-02-01
1435,0.864,1903-03-01
1436,-0.881,1903-04-01
1437,-0.74,1903-05-01
1438,-1.388,1903-06-01
1439,-0.99,1903-07-01
1440,-0.709,1903-08-01
1441,-1.215,1903-09-01
1442,-0.701,1903-10-01
1443,-1.236,1903-11-01
1444,-0.504,1903-12-01
1445,-1.37,1904-01-01
1446,-1.432,1904-02-01
1447,0.451,1904-03-01
1448,-0.676,1904-04-01
1449,-0.134,1904-05-01
1450,-0.835,1904-06-01
1451,-1.288,1904-07-01
1452,-1.037,1904-08-01
1453,-0.321,1904-09-01
1454,-0.1,1904-10-01
1455,0.009,1904-11-01
1456,-0.299,1904-12-01
1457,-0.693,1905-01-01
1458,-2.693,1905-02-01
1459,2.519,1905-03-01
1460,0.01,1905-04-01
1461,-0.666,1905-05-01
1462,-0.468,1905-06-01
1463,-1.12,1905-07-01
1464,-0.054,1905-08-01
1465,-0.064,1905-09-01
1466,-1.329,1905-10-01
1467,0.738,1905-11-01
1468,-0.989,1905-12-01
1469,0.24,1906-01-01
1470,0.134,1906-02-01
1471,-1.49,1906-03-01
1472,0.637,1906-04-01
1473,-0.411,1906-05-01
1474,-0.588,1906-06-01
1475,-0.997,1906-07-01
1476,-0.297,1906-08-01
1477,0.526,1906-09-01
1478,-0.571,1906-10-01
1479,-0.771,1906-11-01
1480,0.623,1906-12-01
1481,1.098,1907-01-01
1482,-0.333,1907-02-01
1483,1.931,1907-03-01
1484,-1.659,1907-04-01
1485,-1.98,1907-05-01
1486,-1.541,1907-06-01
1487,-0.882,1907-07-01
1488,-0.781,1907-08-01
1489,-0.554,1907-09-01
1490,-0.586,1907-10-01
1491,-0.72,1907-11-01
1492,1.109,1907-12-01
1493,1.435,1908-01-01
1494,0.163,1908-02-01
1495,1.239,1908-03-01
1496,0.422,1908-04-01
1497,-0.774,1908-05-01
1498,-0.897,1908-06-01
1499,-0.558,1908-07-01
1500,-0.935,1908-08-01
1501,-0.292,1908-09-01
1502,-1.556,1908-10-01
1503,0.307,1908-11-01
1504,0.903,1908-12-01
1505,0.484,1909-01-01
1506,-0.067,1909-02-01
1507,-0.462,1909-03-01
1508,-1.279,1909-04-01
1509,-1.218,1909-05-01
1510,-0.157,1909-06-01
1511,-0.641,1909-07-01
1512,0.208,1909-08-01
1513,-0.667,1909-09-01
1514,-0.897,1909-10-01
1515,1.042,1909-11-01
1516,-3.286,1909-12-01
1517,-0.155,1910-01-01
1518,-2.526,1910-02-01
1519,3.772,1910-03-01
1520,0.541,1910-04-01
1521,-0.741,1910-05-01
1522,-0.552,1910-06-01
1523,-0.164,1910-07-01
1524,-0.686,1910-08-01
1525,0.341,1910-09-01
1526,0.442,1910-10-01
1527,-0.217,1910-11-01
1528,-0.646,1910-12-01
1529,1.083,1911-01-01
1530,0.28,1911-02-01
1531,1.054,1911-03-01
1532,-0.908,1911-04-01
1533,0.215,1911-05-01
1534,0.79,1911-06-01
1535,-0.638,1911-07-01
1536,-0.633,1911-08-01
1537,0.588,1911-09-01
1538,-0.163,1911-10-01
1539,-2.135,1911-11-01
1540,-0.289,1911-12-01
1541,-1.49,1912-01-01
1542,-0.666,1912-02-01
1543,-1.509,1912-03-01
1544,0.153,1912-04-01
1545,0.218,1912-05-01
1546,-1.222,1912-06-01
1547,-0.961,1912-07-01
1548,-1.219,1912-08-01
1549,-1.165,1912-09-01
1550,-0.492,1912-10-01
1551,0.429,1912-11-01
1552,0.021,1912-12-01
1553,-0.23,1913-01-01
1554,-1.283,1913-02-01
1555,-0.645,1913-03-01
1556,-0.079,1913-04-01
1557,-0.16,1913-05-01
1558,-0.072,1913-06-01
1559,-0.533,1913-07-01
1560,0.22,1913-08-01
1561,-0.958,1913-09-01
1562,-1.416,1913-10-01
1563,1.597,1913-11-01
1564,0.45,1913-12-01
1565,2.436,1914-01-01
1566,-1.544,1914-02-01
1567,-0.025,1914-03-01
1568,-0.055,1914-04-01
1569,0.36,1914-05-01
1570,0.324,1914-06-01
1571,-0.113,1914-07-01
1572,-0.27,1914-08-01
1573,-0.547,1914-09-01
1574,0.836,1914-10-01
1575,0.811,1914-11-01
1576,-1.4,1914-12-01
1577,0.115,1915-01-01
1578,0.863,1915-02-01
1579,-1.164,1915-03-01
1580,1.996,1915-04-01
1581,-0.776,1915-05-01
1582,-1.079,1915-06-01
1583,-1.157,1915-07-01
1584,-1.007,1915-08-01
1585,-0.267,1915-09-01
1586,0.063,1915-10-01
1587,0.522,1915-11-01
1588,-0.149,1915-12-01
1589,-0.261,1916-01-01
1590,-0.373,1916-02-01
1591,0.052,1916-03-01
1592,-0.142,1916-04-01
1593,-0.638,1916-05-01
1594,-1.177,1916-06-01
1595,0.057,1916-07-01
1596,-0.356,1916-08-01
1597,-0.724,1916-09-01
1598,-0.699,1916-10-01
1599,-0.813,1916-11-01
1600,-2.442,1916-12-01
1601,-1.251,1917-01-01
1602,-1.141,1917-02-01
1603,-0.608,1917-03-01
1604,-1.128,1917-04-01
1605,-2.559,1917-05-01
1606,-0.983,1917-06-01
1607,-0.058,1917-07-01
1608,-0.612,1917-08-01
1609,-0.524,1917-09-01
1610,-1.895,1917-10-01
1611,-0.144,1917-11-01
1612,-2.727,1917-12-01
1613,-2.666,1918-01-01
1614,-0.102,1918-02-01
1615,1.739,1918-03-01
1616,-1.401,1918-04-01
1617,-0.113,1918-05-01
1618,0.802,1918-06-01
1619,-0.619,1918-07-01
1620,-0.044,1918-08-01
1621,-1.385,1918-09-01
1622,0.748,1918-10-01
1623,-1.205,1918-11-01
1624,0.654,1918-12-01
1625,0.854,1919-01-01
1626,-0.525,1919-02-01
1627,0.036,1919-03-01
1628,0.128,1919-04-01
1629,-0.202,1919-05-01
1630,-0.169,1919-06-01
1631,0.155,1919-07-01
1632,-0.059,1919-08-01
1633,0.291,1919-09-01
1634,-0.757,1919-10-01
1635,-1.234,1919-11-01
1636,-1.607,1919-12-01
1637,-0.525,1920-01-01
1638,0.702,1920-02-01
1639,-0.567,1920-03-01
1640,-2.71,1920-04-01
1641,-0.911,1920-05-01
1642,-0.711,1920-06-01
1643,-0.788,1920-07-01
1644,-0.946,1920-08-01
1645,-0.04,1920-09-01
1646,-0.087,1920-10-01
1647,-0.963,1920-11-01
1648,0.095,1920-12-01
1649,1.757,1921-01-01
1650,1.053,1921-02-01
1651,3.014,1921-03-01
1652,-0.137,1921-04-01
1653,-0.288,1921-05-01
1654,0.722,1921-06-01
1655,0.238,1921-07-01
1656,-0.043,1921-08-01
1657,0.436,1921-09-01
1658,0.444,1921-10-01
1659,0.641,1921-11-01
1660,1.648,1921-12-01
1661,-0.597,1922-01-01
1662,-0.641,1922-02-01
1663,-0.445,1922-03-01
1664,-0.243,1922-04-01
1665,-0.063,1922-05-01
1666,0.351,1922-06-01
1667,-0.912,1922-07-01
1668,0.008,1922-08-01
1669,0.753,1922-09-01
1670,0.621,1922-10-01
1671,-0.028,1922-11-01
1672,0.681,1922-12-01
1673,2.153,1923-01-01
1674,-1.303,1923-02-01
1675,-1.092,1923-03-01
1676,-0.513,1923-04-01
1677,-0.431,1923-05-01
1678,-0.358,1923-06-01
1679,-0.01,1923-07-01
1680,-0.189,1923-08-01
1681,-0.017,1923-09-01
1682,-0.758,1923-10-01
1683,0.893,1923-11-01
1684,0.979,1923-12-01
1685,-1.349,1924-01-01
1686,0.392,1924-02-01
1687,-0.824,1924-03-01
1688,-1.449,1924-04-01
1689,-1.33,1924-05-01
1690,-0.113,1924-06-01
1691,-1.231,1924-07-01
1692,-0.285,1924-08-01
1693,-1.263,1924-09-01
1694,-0.135,1924-10-01
1695,0.802,1924-11-01
1696,-2.31,1924-12-01
1697,-1.145,1925-01-01
1698,1.339,1925-02-01
1699,1.775,1925-03-01
1700,1.787,1925-04-01
1701,-0.118,1925-05-01
1702,0.469,1925-06-01
1703,-0.038,1925-07-01
1704,-0.313,1925-08-01
1705,0.889,1925-09-01
1706,-1.874,1925-10-01
1707,-0.248,1925-11-01
1708,-0.046,1925-12-01
1709,1.62,1926-01-01
1710,1.694,1926-02-01
1711,0.489,1926-03-01
1712,0.058,1926-04-01
1713,0.288,1926-05-01
1714,-0.015,1926-06-01
1715,-0.238,1926-07-01
1716,0.122,1926-08-01
1717,-0.143,1926-09-01
1718,0.745,1926-10-01
1719,0.182,1926-11-01
1720,-0.833,1926-12-01
1721,1.429,1927-01-01
1722,2.112,1927-02-01
1723,0.235,1927-03-01
1724,-0.431,1927-04-01
1725,-0.405,1927-05-01
1726,-0.643,1927-06-01
1727,-0.5,1927-07-01
1728,-1.394,1927-08-01
1729,-0.371,1927-09-01
1730,0.461,1927-10-01
1731,0.493,1927-11-01
1732,-2.006,1927-12-01
1733,1.907,1928-01-01
1734,1.126,1928-02-01
1735,0.629,1928-03-01
1736,-1.343,1928-04-01
1737,0.411,1928-05-01
1738,-1.301,1928-06-01
1739,-0.391,1928-07-01
1740,-0.415,1928-08-01
1741,-1.077,1928-09-01
1742,0.304,1928-10-01
1743,0.377,1928-11-01
1744,0.624,1928-12-01
1745,-0.425,1929-01-01
1746,-2.405,1929-02-01
1747,0.855,1929-03-01
1748,-0.005,1929-04-01
1749,-0.74,1929-05-01
1750,-0.547,1929-06-01
1751,-0.327,1929-07-01
1752,0.01,1929-08-01
1753,-0.408,1929-09-01
1754,-0.091,1929-10-01
1755,-0.961,1929-11-01
1756,0.662,1929-12-01
1757,-1.719,1930-01-01
1758,1.977,1930-02-01
1759,-0.486,1930-03-01
1760,1.355,1930-04-01
1761,-0.617,1930-05-01
1762,-0.21,1930-06-01
1763,0.396,1930-07-01
1764,0.217,1930-08-01
1765,0.151,1930-09-01
1766,-1.216,1930-10-01
1767,-0.694,1930-11-01
1768,-0.035,1930-12-01
1769,2.228,1931-01-01
1770,2.303,1931-02-01
1771,-0.54,1931-03-01
1772,-0.023,1931-04-01
1773,-0.729,1931-05-01
1774,0.762,1931-06-01
1775,0.593,1931-07-01
1776,-0.271,1931-08-01
1777,1.239,1931-09-01
1778,0.882,1931-10-01
1779,1.134,1931-11-01
1780,1.27,1931-12-01
1781,0.375,1932-01-01
1782,0.54,1932-02-01
1783,-1.071,1932-03-01
1784,0.549,1932-04-01
1785,-0.063,1932-05-01
1786,0.037,1932-06-01
1787,-0.051,1932-07-01
1788,-0.112,1932-08-01
1789,-0.401,1932-09-01
1790,-0.76,1932-10-01
1791,-1.226,1932-11-01
1792,-1.28,1932-12-01
1793,1.443,1933-01-01
1794,-2.059,1933-02-01
1795,0.493,1933-03-01
1796,-0.345,1933-04-01
1797,-0.384,1933-05-01
1798,0.999,1933-06-01
1799,0.369,1933-07-01
1800,-0.317,1933-08-01
1801,0.951,1933-09-01
1802,0.046,1933-10-01
1803,0.344,1933-11-01
1804,0.887,1933-12-01
1805,1.515,1934-01-01
1806,1.042,1934-02-01
1807,1.027,1934-03-01
1808,1.477,1934-04-01
1809,1.803,1934-05-01
1810,0.774,1934-06-01
1811,0.864,1934-07-01
1812,0.465,1934-08-01
1813,-0.526,1934-09-01
1814,1.337,1934-10-01
1815,1.582,1934-11-01
1816,0.642,1934-12-01
1817,0.972,1935-01-01
1818,1.649,1935-02-01
1819,1.562,1935-03-01
1820,-0.559,1935-04-01
1821,-1.788,1935-05-01
1822,-0.612,1935-06-01
1823,0.546,1935-07-01
1824,0.089,1935-08-01
1825,-0.238,1935-09-01
1826,-0.251,1935-10-01
1827,-1.192,1935-11-01
1828,-1.254,1935-12-01
1829,-0.606,1936-01-01
1830,-4.293,1936-02-01
1831,1.107,1936-03-01
1832,-0.236,1936-04-01
1833,1.415,1936-05-01
1834,1.197,1936-06-01
1835,1.289,1936-07-01
1836,1.198,1936-08-01
1837,0.46,1936-09-01
1838,-0.159,1936-10-01
1839,-0.629,1936-11-01
1840,0.478,1936-12-01
1841,-0.698,1937-01-01
1842,-1.271,1937-02-01
1843,-0.984,1937-03-01
1844,-0.715,1937-04-01
1845,0.428,1937-05-01
1846,0.127,1937-06-01
1847,0.24,1937-07-01
1848,0.931,1937-08-01
1849,0.483,1937-09-01
1850,0.283,1937-10-01
1851,0.096,1937-11-01
1852,0.098,1937-12-01
1853,0.904,1938-01-01
1854,0.746,1938-02-01
1855,2.196,1938-03-01
1856,0.725,1938-04-01
1857,-0.254,1938-05-01
1858,-0.08,1938-06-01
1859,-0.171,1938-07-01
1860,0.643,1938-08-01
1861,0.852,1938-09-01
1862,1.649,1938-10-01
1863,-0.375,1938-11-01
1864,1.099,1938-12-01
1865,1.84,1939-01-01
1866,-1.507,1939-02-01
1867,0.536,1939-03-01
1868,0.453,1939-04-01
1869,0.822,1939-05-01
1870,0.057,1939-06-01
1871,0.355,1939-07-01
1872,-0.038,1939-08-01
1873,0.926,1939-09-01
1874,-0.052,1939-10-01
1875,-0.331,1939-11-01
1876,2.83,1939-12-01
1877,-1.847,1940-01-01
1878,0.447,1940-02-01
1879,0.614,1940-03-01
1880,0.557,1940-04-01
1881,0.489,1940-05-01
1882,0.468,1940-06-01
1883,0.167,1940-07-01
1884,0.011,1940-08-01
1885,0.222,1940-09-01
1886,1.127,1940-10-01
1887,-0.814,1940-11-01
1888,2.0,1940-12-01
1889,1.216,1941-01-01
1890,0.768,1941-02-01
1891,-0.422,1941-03-01
1892,0.85,1941-04-01
1893,0.893,1941-05-01
1894,-0.268,1941-06-01
1895,-0.168,1941-07-01
1896,0.09,1941-08-01
1897,-0.209,1941-09-01
1898,0.39,1941-10-01
1899,0.401,1941-11-01
1900,1.854,1941-12-01
1901,1.442,1942-01-01
1902,-0.292,1942-02-01
1903,0.285,1942-03-01
1904,1.31,1942-04-01
1905,-0.41,1942-05-01
1906,-0.268,1942-06-01
1907,0.042,1942-07-01
1908,-0.17,1942-08-01
1909,-0.348,1942-09-01
1910,0.348,1942-10-01
1911,0.202,1942-11-01
1912,-0.85,1942-12-01
1913,-0.695,1943-01-01
1914,1.695,1943-02-01
1915,-0.826,1943-03-01
1916,0.949,1943-04-01
1917,-0.12,1943-05-01
1918,0.255,1943-06-01
1919,0.12,1943-07-01
1920,0.449,1943-08-01
1921,-0.428,1943-09-01
1922,0.071,1943-10-01
1923,0.305,1943-11-01
1924,0.405,1943-12-01
1925,1.46,1944-01-01
1926,1.227,1944-02-01
1927,-1.007,1944-03-01
1928,-1.074,1944-04-01
1929,0.737,1944-05-01
1930,-0.056,1944-06-01
1931,-0.474,1944-07-01
1932,-0.156,1944-08-01
1933,0.022,1944-09-01
1934,0.804,1944-10-01
1935,-0.046,1944-11-01
1936,-0.448,1944-12-01
1937,1.5,1945-01-01
1938,1.159,1945-02-01
1939,2.112,1945-03-01
1940,-0.56,1945-04-01
1941,-1.38,1945-05-01
1942,-1.549,1945-06-01
1943,-0.536,1945-07-01
1944,-0.237,1945-08-01
1945,-0.101,1945-09-01
1946,-0.014,1945-10-01
1947,-0.654,1945-11-01
1948,-1.544,1945-12-01
1949,1.444,1946-01-01
1950,0.572,1946-02-01
1951,2.289,1946-03-01
1952,1.439,1946-04-01
1953,-0.751,1946-05-01
1954,-0.07,1946-06-01
1955,0.053,1946-07-01
1956,-0.674,1946-08-01
1957,-0.341,1946-09-01
1958,-0.088,1946-10-01
1959,-0.2,1946-11-01
1960,0.755,1946-12-01
1961,0.233,1947-01-01
1962,-0.753,1947-02-01
1963,-0.691,1947-03-01
1964,0.034,1947-04-01
1965,-0.044,1947-05-01
1966,-1.001,1947-06-01
1967,-0.412,1947-07-01
1968,0.659,1947-08-01
1969,0.54,1947-09-01
1970,2.092,1947-10-01
1971,-1.101,1947-11-01
1972,0.756,1947-12-01
1973,-0.362,1948-01-01
1974,-1.029,1948-02-01
1975,-1.032,1948-03-01
1976,1.051,1948-04-01
1977,-0.217,1948-05-01
1978,0.034,1948-06-01
1979,-0.44,1948-07-01
1980,-0.336,1948-08-01
1981,0.206,1948-09-01
1982,-0.528,1948-10-01
1983,-0.534,1948-11-01
1984,-0.616,1948-12-01
1985,-1.194,1949-01-01
1986,-1.208,1949-02-01
1987,0.91,1949-03-01
1988,-0.012,1949-04-01
1989,0.292,1949-05-01
1990,-0.157,1949-06-01
1991,0.092,1949-07-01
1992,-0.019,1949-08-01
1993,-0.278,1949-09-01
1994,0.212,1949-10-01
1995,2.429,1949-11-01
1996,0.055,1949-12-01
